date,location,vaccine,total_vaccinations
2021-02-27,Uruguay,Oxford/AstraZeneca,5
2021-02-27,Uruguay,Pfizer/BioNTech,6
2021-02-27,Uruguay,Sinovac,372
2021-02-28,Uruguay,Oxford/AstraZeneca,7
2021-02-28,Uruguay,Pfizer/BioNTech,18
2021-02-28,Uruguay,Sinovac,374
2021-03-01,Uruguay,Oxford/AstraZeneca,17
2021-03-01,Uruguay,Pfizer/BioNTech,29
2021-03-01,Uruguay,Sinovac,18401
2021-03-02,Uruguay,Oxford/AstraZeneca,26
2021-03-02,Uruguay,Pfizer/BioNTech,53
2021-03-02,Uruguay,Sinovac,33124
2021-03-03,Uruguay,Oxford/AstraZeneca,32
2021-03-03,Uruguay,Pfizer/BioNTech,67
2021-03-03,Uruguay,Sinovac,54422
2021-03-04,Uruguay,Oxford/AstraZeneca,33
2021-03-04,Uruguay,Pfizer/BioNTech,74
2021-03-04,Uruguay,Sinovac,63403
2021-03-05,Uruguay,Oxford/AstraZeneca,38
2021-03-05,Uruguay,Pfizer/BioNTech,84
2021-03-05,Uruguay,Sinovac,72598
2021-03-06,Uruguay,Oxford/AstraZeneca,44
2021-03-06,Uruguay,Pfizer/BioNTech,92
2021-03-06,Uruguay,Sinovac,72603
2021-03-07,Uruguay,Oxford/AstraZeneca,49
2021-03-07,Uruguay,Pfizer/BioNTech,100
2021-03-07,Uruguay,Sinovac,72603
2021-03-08,Uruguay,Oxford/AstraZeneca,50
2021-03-08,Uruguay,Pfizer/BioNTech,107
2021-03-08,Uruguay,Sinovac,100754
2021-03-09,Uruguay,Oxford/AstraZeneca,51
2021-03-09,Uruguay,Pfizer/BioNTech,127
2021-03-09,Uruguay,Sinovac,122583
2021-03-10,Uruguay,Oxford/AstraZeneca,52
2021-03-10,Uruguay,Pfizer/BioNTech,131
2021-03-10,Uruguay,Sinovac,147765
2021-03-11,Uruguay,Oxford/AstraZeneca,55
2021-03-11,Uruguay,Pfizer/BioNTech,143
2021-03-11,Uruguay,Sinovac,170174
2021-03-12,Uruguay,Oxford/AstraZeneca,55
2021-03-12,Uruguay,Pfizer/BioNTech,22070
2021-03-12,Uruguay,Sinovac,170979
2021-03-13,Uruguay,Oxford/AstraZeneca,56
2021-03-13,Uruguay,Pfizer/BioNTech,32399
2021-03-13,Uruguay,Sinovac,171070
2021-03-14,Uruguay,Oxford/AstraZeneca,56
2021-03-14,Uruguay,Pfizer/BioNTech,32407
2021-03-14,Uruguay,Sinovac,171079
2021-03-15,Uruguay,Oxford/AstraZeneca,60
2021-03-15,Uruguay,Pfizer/BioNTech,38647
2021-03-15,Uruguay,Sinovac,176121
2021-03-16,Uruguay,Oxford/AstraZeneca,63
2021-03-16,Uruguay,Pfizer/BioNTech,40670
2021-03-16,Uruguay,Sinovac,180782
2021-03-17,Uruguay,Oxford/AstraZeneca,64
2021-03-17,Uruguay,Pfizer/BioNTech,42137
2021-03-17,Uruguay,Sinovac,187220
2021-03-18,Uruguay,Oxford/AstraZeneca,65
2021-03-18,Uruguay,Pfizer/BioNTech,42371
2021-03-18,Uruguay,Sinovac,223520
2021-03-19,Uruguay,Oxford/AstraZeneca,94
2021-03-19,Uruguay,Pfizer/BioNTech,42477
2021-03-19,Uruguay,Sinovac,259729
2021-03-20,Uruguay,Oxford/AstraZeneca,100
2021-03-20,Uruguay,Pfizer/BioNTech,42523
2021-03-20,Uruguay,Sinovac,272194
2021-03-21,Uruguay,Oxford/AstraZeneca,100
2021-03-21,Uruguay,Pfizer/BioNTech,42540
2021-03-21,Uruguay,Sinovac,272201
2021-03-22,Uruguay,Oxford/AstraZeneca,101
2021-03-22,Uruguay,Pfizer/BioNTech,60572
2021-03-22,Uruguay,Sinovac,292914
2021-03-23,Uruguay,Oxford/AstraZeneca,104
2021-03-23,Uruguay,Pfizer/BioNTech,77042
2021-03-23,Uruguay,Sinovac,312888
2021-03-24,Uruguay,Oxford/AstraZeneca,107
2021-03-24,Uruguay,Pfizer/BioNTech,87587
2021-03-24,Uruguay,Sinovac,337733
2021-03-25,Uruguay,Oxford/AstraZeneca,110
2021-03-25,Uruguay,Pfizer/BioNTech,96746
2021-03-25,Uruguay,Sinovac,372072
2021-03-26,Uruguay,Oxford/AstraZeneca,111
2021-03-26,Uruguay,Pfizer/BioNTech,105451
2021-03-26,Uruguay,Sinovac,404560
2021-03-27,Uruguay,Oxford/AstraZeneca,115
2021-03-27,Uruguay,Pfizer/BioNTech,108755
2021-03-27,Uruguay,Sinovac,414430
2021-03-28,Uruguay,Oxford/AstraZeneca,115
2021-03-28,Uruguay,Pfizer/BioNTech,108764
2021-03-28,Uruguay,Sinovac,414437
2021-03-29,Uruguay,Oxford/AstraZeneca,120
2021-03-29,Uruguay,Pfizer/BioNTech,117547
2021-03-29,Uruguay,Sinovac,459959
2021-03-30,Uruguay,Oxford/AstraZeneca,120
2021-03-30,Uruguay,Pfizer/BioNTech,126333
2021-03-30,Uruguay,Sinovac,503414
2021-03-31,Uruguay,Oxford/AstraZeneca,123
2021-03-31,Uruguay,Pfizer/BioNTech,134863
2021-03-31,Uruguay,Sinovac,552822
2021-04-01,Uruguay,Oxford/AstraZeneca,126
2021-04-01,Uruguay,Pfizer/BioNTech,143638
2021-04-01,Uruguay,Sinovac,592137
2021-04-02,Uruguay,Oxford/AstraZeneca,132
2021-04-02,Uruguay,Pfizer/BioNTech,153330
2021-04-02,Uruguay,Sinovac,631583
2021-04-03,Uruguay,Oxford/AstraZeneca,136
2021-04-03,Uruguay,Pfizer/BioNTech,156694
2021-04-03,Uruguay,Sinovac,640596
2021-04-04,Uruguay,Oxford/AstraZeneca,140
2021-04-04,Uruguay,Pfizer/BioNTech,156707
2021-04-04,Uruguay,Sinovac,640604
2021-04-05,Uruguay,Oxford/AstraZeneca,144
2021-04-05,Uruguay,Pfizer/BioNTech,157439
2021-04-05,Uruguay,Sinovac,678247
2021-04-06,Uruguay,Oxford/AstraZeneca,151
2021-04-06,Uruguay,Pfizer/BioNTech,158128
2021-04-06,Uruguay,Sinovac,721711
2021-04-07,Uruguay,Oxford/AstraZeneca,173
2021-04-07,Uruguay,Pfizer/BioNTech,158167
2021-04-07,Uruguay,Sinovac,767840
2021-04-08,Uruguay,Oxford/AstraZeneca,178
2021-04-08,Uruguay,Pfizer/BioNTech,158226
2021-04-08,Uruguay,Sinovac,816592
2021-04-09,Uruguay,Oxford/AstraZeneca,185
2021-04-09,Uruguay,Pfizer/BioNTech,187407
2021-04-09,Uruguay,Sinovac,827219
2021-04-10,Uruguay,Oxford/AstraZeneca,188
2021-04-10,Uruguay,Pfizer/BioNTech,210827
2021-04-10,Uruguay,Sinovac,830900
2021-04-11,Uruguay,Oxford/AstraZeneca,193
2021-04-11,Uruguay,Pfizer/BioNTech,210839
2021-04-11,Uruguay,Sinovac,831267
2021-04-12,Uruguay,Oxford/AstraZeneca,201
2021-04-12,Uruguay,Pfizer/BioNTech,221658
2021-04-12,Uruguay,Sinovac,873686
2021-04-13,Uruguay,Oxford/AstraZeneca,205
2021-04-13,Uruguay,Pfizer/BioNTech,234409
2021-04-13,Uruguay,Sinovac,918238
2021-04-14,Uruguay,Oxford/AstraZeneca,215
2021-04-14,Uruguay,Pfizer/BioNTech,246770
2021-04-14,Uruguay,Sinovac,963642
2021-04-15,Uruguay,Oxford/AstraZeneca,234
2021-04-15,Uruguay,Pfizer/BioNTech,257988
2021-04-15,Uruguay,Sinovac,1016159
2021-04-16,Uruguay,Oxford/AstraZeneca,258
2021-04-16,Uruguay,Pfizer/BioNTech,268984
2021-04-16,Uruguay,Sinovac,1068069
2021-04-17,Uruguay,Oxford/AstraZeneca,19548
2021-04-17,Uruguay,Pfizer/BioNTech,272662
2021-04-17,Uruguay,Sinovac,1080361
2021-04-18,Uruguay,Oxford/AstraZeneca,35183
2021-04-18,Uruguay,Pfizer/BioNTech,273004
2021-04-18,Uruguay,Sinovac,1080502
2021-04-19,Uruguay,Oxford/AstraZeneca,36093
2021-04-19,Uruguay,Pfizer/BioNTech,288849
2021-04-19,Uruguay,Sinovac,1102707
2021-04-20,Uruguay,Oxford/AstraZeneca,36704
2021-04-20,Uruguay,Pfizer/BioNTech,309032
2021-04-20,Uruguay,Sinovac,1127800
2021-04-21,Uruguay,Oxford/AstraZeneca,37654
2021-04-21,Uruguay,Pfizer/BioNTech,326675
2021-04-21,Uruguay,Sinovac,1156000
2021-04-22,Uruguay,Oxford/AstraZeneca,38509
2021-04-22,Uruguay,Pfizer/BioNTech,339329
2021-04-22,Uruguay,Sinovac,1193849
2021-04-23,Uruguay,Oxford/AstraZeneca,39387
2021-04-23,Uruguay,Pfizer/BioNTech,354758
2021-04-23,Uruguay,Sinovac,1228827
2021-04-24,Uruguay,Oxford/AstraZeneca,39910
2021-04-24,Uruguay,Pfizer/BioNTech,364514
2021-04-24,Uruguay,Sinovac,1240913
2021-04-25,Uruguay,Oxford/AstraZeneca,39914
2021-04-25,Uruguay,Pfizer/BioNTech,364536
2021-04-25,Uruguay,Sinovac,1241424
2021-04-26,Uruguay,Oxford/AstraZeneca,40743
2021-04-26,Uruguay,Pfizer/BioNTech,378008
2021-04-26,Uruguay,Sinovac,1272457
2021-04-27,Uruguay,Oxford/AstraZeneca,41341
2021-04-27,Uruguay,Pfizer/BioNTech,391072
2021-04-27,Uruguay,Sinovac,1303941
2021-04-28,Uruguay,Oxford/AstraZeneca,41908
2021-04-28,Uruguay,Pfizer/BioNTech,404514
2021-04-28,Uruguay,Sinovac,1334311
2021-04-29,Uruguay,Oxford/AstraZeneca,42514
2021-04-29,Uruguay,Pfizer/BioNTech,417867
2021-04-29,Uruguay,Sinovac,1366596
2021-04-30,Uruguay,Oxford/AstraZeneca,43098
2021-04-30,Uruguay,Pfizer/BioNTech,432553
2021-04-30,Uruguay,Sinovac,1399246
2021-05-01,Uruguay,Oxford/AstraZeneca,43230
2021-05-01,Uruguay,Pfizer/BioNTech,432614
2021-05-01,Uruguay,Sinovac,1399261
2021-05-02,Uruguay,Oxford/AstraZeneca,43275
2021-05-02,Uruguay,Pfizer/BioNTech,432650
2021-05-02,Uruguay,Sinovac,1399428
2021-05-03,Uruguay,Oxford/AstraZeneca,43347
2021-05-03,Uruguay,Pfizer/BioNTech,446505
2021-05-03,Uruguay,Sinovac,1418206
2021-05-04,Uruguay,Oxford/AstraZeneca,43426
2021-05-04,Uruguay,Pfizer/BioNTech,459114
2021-05-04,Uruguay,Sinovac,1439584
2021-05-05,Uruguay,Oxford/AstraZeneca,43578
2021-05-05,Uruguay,Pfizer/BioNTech,469466
2021-05-05,Uruguay,Sinovac,1461605
2021-05-06,Uruguay,Oxford/AstraZeneca,43649
2021-05-06,Uruguay,Pfizer/BioNTech,478707
2021-05-06,Uruguay,Sinovac,1488957
2021-05-07,Uruguay,Oxford/AstraZeneca,44175
2021-05-07,Uruguay,Pfizer/BioNTech,487573
2021-05-07,Uruguay,Sinovac,1498767
2021-05-08,Uruguay,Oxford/AstraZeneca,44300
2021-05-08,Uruguay,Pfizer/BioNTech,491269
2021-05-08,Uruguay,Sinovac,1502126
2021-05-09,Uruguay,Oxford/AstraZeneca,44322
2021-05-09,Uruguay,Pfizer/BioNTech,491286
2021-05-09,Uruguay,Sinovac,1502481
2021-05-10,Uruguay,Oxford/AstraZeneca,44449
2021-05-10,Uruguay,Pfizer/BioNTech,498535
2021-05-10,Uruguay,Sinovac,1539457
2021-05-11,Uruguay,Oxford/AstraZeneca,44656
2021-05-11,Uruguay,Pfizer/BioNTech,504011
2021-05-11,Uruguay,Sinovac,1576929
2021-05-12,Uruguay,Oxford/AstraZeneca,44805
2021-05-12,Uruguay,Pfizer/BioNTech,510979
2021-05-12,Uruguay,Sinovac,1614445
2021-05-13,Uruguay,Oxford/AstraZeneca,44815
2021-05-13,Uruguay,Pfizer/BioNTech,523877
2021-05-13,Uruguay,Sinovac,1664224
2021-05-14,Uruguay,Oxford/AstraZeneca,44882
2021-05-14,Uruguay,Pfizer/BioNTech,536489
2021-05-14,Uruguay,Sinovac,1712103
2021-05-15,Uruguay,Oxford/AstraZeneca,44908
2021-05-15,Uruguay,Pfizer/BioNTech,540258
2021-05-15,Uruguay,Sinovac,1729774
2021-05-16,Uruguay,Oxford/AstraZeneca,44910
2021-05-16,Uruguay,Pfizer/BioNTech,540277
2021-05-16,Uruguay,Sinovac,1730520
2021-05-17,Uruguay,Oxford/AstraZeneca,44920
2021-05-17,Uruguay,Pfizer/BioNTech,548053
2021-05-17,Uruguay,Sinovac,1776180
2021-05-18,Uruguay,Oxford/AstraZeneca,44941
2021-05-18,Uruguay,Pfizer/BioNTech,555732
2021-05-18,Uruguay,Sinovac,1820439
2021-05-19,Uruguay,Oxford/AstraZeneca,44998
2021-05-19,Uruguay,Pfizer/BioNTech,558808
2021-05-19,Uruguay,Sinovac,1861395
2021-05-20,Uruguay,Oxford/AstraZeneca,45033
2021-05-20,Uruguay,Pfizer/BioNTech,567450
2021-05-20,Uruguay,Sinovac,1900672
2021-05-21,Uruguay,Oxford/AstraZeneca,45050
2021-05-21,Uruguay,Pfizer/BioNTech,581013
2021-05-21,Uruguay,Sinovac,1936623
2021-05-22,Uruguay,Oxford/AstraZeneca,45058
2021-05-22,Uruguay,Pfizer/BioNTech,581362
2021-05-22,Uruguay,Sinovac,1951018
2021-05-23,Uruguay,Oxford/AstraZeneca,45067
2021-05-23,Uruguay,Pfizer/BioNTech,581382
2021-05-23,Uruguay,Sinovac,1952538
2021-05-24,Uruguay,Oxford/AstraZeneca,45077
2021-05-24,Uruguay,Pfizer/BioNTech,590286
2021-05-24,Uruguay,Sinovac,1985381
2021-05-25,Uruguay,Oxford/AstraZeneca,45111
2021-05-25,Uruguay,Pfizer/BioNTech,598283
2021-05-25,Uruguay,Sinovac,2016380
2021-05-26,Uruguay,Oxford/AstraZeneca,45182
2021-05-26,Uruguay,Pfizer/BioNTech,608788
2021-05-26,Uruguay,Sinovac,2044315
2021-05-27,Uruguay,Oxford/AstraZeneca,45195
2021-05-27,Uruguay,Pfizer/BioNTech,621454
2021-05-27,Uruguay,Sinovac,2071228
2021-05-28,Uruguay,Oxford/AstraZeneca,45241
2021-05-28,Uruguay,Pfizer/BioNTech,634972
2021-05-28,Uruguay,Sinovac,2094891
2021-05-29,Uruguay,Oxford/AstraZeneca,45250
2021-05-29,Uruguay,Pfizer/BioNTech,651230
2021-05-29,Uruguay,Sinovac,2103675
2021-05-30,Uruguay,Oxford/AstraZeneca,45262
2021-05-30,Uruguay,Pfizer/BioNTech,651262
2021-05-30,Uruguay,Sinovac,2105051
2021-05-31,Uruguay,Oxford/AstraZeneca,45275
2021-05-31,Uruguay,Pfizer/BioNTech,664351
2021-05-31,Uruguay,Sinovac,2138317
2021-06-01,Uruguay,Oxford/AstraZeneca,45290
2021-06-01,Uruguay,Pfizer/BioNTech,677652
2021-06-01,Uruguay,Sinovac,2170977
2021-06-02,Uruguay,Oxford/AstraZeneca,45310
2021-06-02,Uruguay,Pfizer/BioNTech,690768
2021-06-02,Uruguay,Sinovac,2202945
2021-06-03,Uruguay,Oxford/AstraZeneca,45329
2021-06-03,Uruguay,Pfizer/BioNTech,703874
2021-06-03,Uruguay,Sinovac,2234367
2021-06-04,Uruguay,Oxford/AstraZeneca,45353
2021-06-04,Uruguay,Pfizer/BioNTech,717011
2021-06-04,Uruguay,Sinovac,2265178
2021-06-05,Uruguay,Oxford/AstraZeneca,45376
2021-06-05,Uruguay,Pfizer/BioNTech,720374
2021-06-05,Uruguay,Sinovac,2276579
2021-06-06,Uruguay,Oxford/AstraZeneca,45388
2021-06-06,Uruguay,Pfizer/BioNTech,720401
2021-06-06,Uruguay,Sinovac,2277525
2021-06-07,Uruguay,Oxford/AstraZeneca,45406
2021-06-07,Uruguay,Pfizer/BioNTech,725125
2021-06-07,Uruguay,Sinovac,2313157
2021-06-08,Uruguay,Oxford/AstraZeneca,45500
2021-06-08,Uruguay,Pfizer/BioNTech,728239
2021-06-08,Uruguay,Sinovac,2347932
2021-06-09,Uruguay,Oxford/AstraZeneca,45519
2021-06-09,Uruguay,Pfizer/BioNTech,744047
2021-06-09,Uruguay,Sinovac,2380928
2021-06-10,Uruguay,Oxford/AstraZeneca,45605
2021-06-10,Uruguay,Pfizer/BioNTech,759976
2021-06-10,Uruguay,Sinovac,2409342
2021-06-11,Uruguay,Oxford/AstraZeneca,45617
2021-06-11,Uruguay,Pfizer/BioNTech,771136
2021-06-11,Uruguay,Sinovac,2438444
2021-06-12,Uruguay,Oxford/AstraZeneca,45631
2021-06-12,Uruguay,Pfizer/BioNTech,779963
2021-06-12,Uruguay,Sinovac,2452799
2021-06-13,Uruguay,Oxford/AstraZeneca,45633
2021-06-13,Uruguay,Pfizer/BioNTech,779986
2021-06-13,Uruguay,Sinovac,2453861
2021-06-14,Uruguay,Oxford/AstraZeneca,45650
2021-06-14,Uruguay,Pfizer/BioNTech,794896
2021-06-14,Uruguay,Sinovac,2496547
2021-06-15,Uruguay,Oxford/AstraZeneca,45673
2021-06-15,Uruguay,Pfizer/BioNTech,810047
2021-06-15,Uruguay,Sinovac,2536283
2021-06-16,Uruguay,Oxford/AstraZeneca,45699
2021-06-16,Uruguay,Pfizer/BioNTech,825861
2021-06-16,Uruguay,Sinovac,2573798
2021-06-17,Uruguay,Oxford/AstraZeneca,45730
2021-06-17,Uruguay,Pfizer/BioNTech,837345
2021-06-17,Uruguay,Sinovac,2606766
2021-06-18,Uruguay,Oxford/AstraZeneca,45767
2021-06-18,Uruguay,Pfizer/BioNTech,852659
2021-06-18,Uruguay,Sinovac,2639227
2021-06-19,Uruguay,Oxford/AstraZeneca,45824
2021-06-19,Uruguay,Pfizer/BioNTech,855133
2021-06-19,Uruguay,Sinovac,2651251
2021-06-20,Uruguay,Oxford/AstraZeneca,45834
2021-06-20,Uruguay,Pfizer/BioNTech,855166
2021-06-20,Uruguay,Sinovac,2652235
2021-06-21,Uruguay,Oxford/AstraZeneca,45875
2021-06-21,Uruguay,Pfizer/BioNTech,870488
2021-06-21,Uruguay,Sinovac,2689399
2021-06-22,Uruguay,Oxford/AstraZeneca,45914
2021-06-22,Uruguay,Pfizer/BioNTech,885074
2021-06-22,Uruguay,Sinovac,2721284
2021-06-23,Uruguay,Oxford/AstraZeneca,45939
2021-06-23,Uruguay,Pfizer/BioNTech,899018
2021-06-23,Uruguay,Sinovac,2750100
2021-06-24,Uruguay,Oxford/AstraZeneca,45987
2021-06-24,Uruguay,Pfizer/BioNTech,912914
2021-06-24,Uruguay,Sinovac,2778443
2021-06-25,Uruguay,Oxford/AstraZeneca,46094
2021-06-25,Uruguay,Pfizer/BioNTech,926970
2021-06-25,Uruguay,Sinovac,2803461
2021-06-26,Uruguay,Oxford/AstraZeneca,46165
2021-06-26,Uruguay,Pfizer/BioNTech,930835
2021-06-26,Uruguay,Sinovac,2812630
2021-06-27,Uruguay,Oxford/AstraZeneca,46191
2021-06-27,Uruguay,Pfizer/BioNTech,930862
2021-06-27,Uruguay,Sinovac,2813844
2021-06-28,Uruguay,Oxford/AstraZeneca,46216
2021-06-28,Uruguay,Pfizer/BioNTech,947605
2021-06-28,Uruguay,Sinovac,2851547
2021-06-29,Uruguay,Oxford/AstraZeneca,46228
2021-06-29,Uruguay,Pfizer/BioNTech,964445
2021-06-29,Uruguay,Sinovac,2889431
2021-06-30,Uruguay,Oxford/AstraZeneca,46248
2021-06-30,Uruguay,Pfizer/BioNTech,980521
2021-06-30,Uruguay,Sinovac,2926221
2021-07-01,Uruguay,Oxford/AstraZeneca,46292
2021-07-01,Uruguay,Pfizer/BioNTech,997175
2021-07-01,Uruguay,Sinovac,2963094
2021-07-02,Uruguay,Oxford/AstraZeneca,46309
2021-07-02,Uruguay,Pfizer/BioNTech,1014078
2021-07-02,Uruguay,Sinovac,3000432
2021-07-03,Uruguay,Oxford/AstraZeneca,46420
2021-07-03,Uruguay,Pfizer/BioNTech,1019479
2021-07-03,Uruguay,Sinovac,3013081
2021-07-04,Uruguay,Oxford/AstraZeneca,46495
2021-07-04,Uruguay,Pfizer/BioNTech,1019503
2021-07-04,Uruguay,Sinovac,3013993
2021-07-05,Uruguay,Oxford/AstraZeneca,46515
2021-07-05,Uruguay,Pfizer/BioNTech,1035308
2021-07-05,Uruguay,Sinovac,3049046
2021-07-06,Uruguay,Oxford/AstraZeneca,46543
2021-07-06,Uruguay,Pfizer/BioNTech,1050463
2021-07-06,Uruguay,Sinovac,3083128
2021-07-07,Uruguay,Oxford/AstraZeneca,46568
2021-07-07,Uruguay,Pfizer/BioNTech,1067068
2021-07-07,Uruguay,Sinovac,3117766
2021-07-08,Uruguay,Oxford/AstraZeneca,46574
2021-07-08,Uruguay,Pfizer/BioNTech,1089686
2021-07-08,Uruguay,Sinovac,3124995
2021-07-09,Uruguay,Oxford/AstraZeneca,46585
2021-07-09,Uruguay,Pfizer/BioNTech,1110961
2021-07-09,Uruguay,Sinovac,3129520
2021-07-10,Uruguay,Oxford/AstraZeneca,46592
2021-07-10,Uruguay,Pfizer/BioNTech,1116087
2021-07-10,Uruguay,Sinovac,3130455
2021-07-11,Uruguay,Oxford/AstraZeneca,46594
2021-07-11,Uruguay,Pfizer/BioNTech,1116137
2021-07-11,Uruguay,Sinovac,3130780
2021-07-12,Uruguay,Oxford/AstraZeneca,46602
2021-07-12,Uruguay,Pfizer/BioNTech,1163759
2021-07-12,Uruguay,Sinovac,3134725
2021-07-13,Uruguay,Oxford/AstraZeneca,46618
2021-07-13,Uruguay,Pfizer/BioNTech,1204386
2021-07-13,Uruguay,Sinovac,3138897
2021-07-14,Uruguay,Oxford/AstraZeneca,46633
2021-07-14,Uruguay,Pfizer/BioNTech,1245121
2021-07-14,Uruguay,Sinovac,3142409
2021-07-15,Uruguay,Oxford/AstraZeneca,65434
2021-07-15,Uruguay,Pfizer/BioNTech,1272870
2021-07-15,Uruguay,Sinovac,3142596
2021-07-16,Uruguay,Oxford/AstraZeneca,80222
2021-07-16,Uruguay,Pfizer/BioNTech,1302794
2021-07-16,Uruguay,Sinovac,3147027
2021-07-17,Uruguay,Oxford/AstraZeneca,80239
2021-07-17,Uruguay,Pfizer/BioNTech,1309009
2021-07-17,Uruguay,Sinovac,3147621
2021-07-18,Uruguay,Oxford/AstraZeneca,80245
2021-07-18,Uruguay,Pfizer/BioNTech,1309052
2021-07-18,Uruguay,Sinovac,3147631
2021-07-19,Uruguay,Oxford/AstraZeneca,81168
2021-07-19,Uruguay,Pfizer/BioNTech,1326881
2021-07-19,Uruguay,Sinovac,3159857
2021-07-20,Uruguay,Oxford/AstraZeneca,82003
2021-07-20,Uruguay,Pfizer/BioNTech,1344674
2021-07-20,Uruguay,Sinovac,3167107
2021-07-21,Uruguay,Oxford/AstraZeneca,82780
2021-07-21,Uruguay,Pfizer/BioNTech,1363053
2021-07-21,Uruguay,Sinovac,3171769
2021-07-22,Uruguay,Oxford/AstraZeneca,83379
2021-07-22,Uruguay,Pfizer/BioNTech,1384152
2021-07-22,Uruguay,Sinovac,3177770
2021-07-23,Uruguay,Oxford/AstraZeneca,84052
2021-07-23,Uruguay,Pfizer/BioNTech,1416870
2021-07-23,Uruguay,Sinovac,3184216
2021-07-24,Uruguay,Oxford/AstraZeneca,84452
2021-07-24,Uruguay,Pfizer/BioNTech,1419752
2021-07-24,Uruguay,Sinovac,3185420
2021-07-25,Uruguay,Oxford/AstraZeneca,84460
2021-07-25,Uruguay,Pfizer/BioNTech,1420783
2021-07-25,Uruguay,Sinovac,3185427
2021-07-26,Uruguay,Oxford/AstraZeneca,85172
2021-07-26,Uruguay,Pfizer/BioNTech,1443590
2021-07-26,Uruguay,Sinovac,3194063
2021-07-27,Uruguay,Oxford/AstraZeneca,85636
2021-07-27,Uruguay,Pfizer/BioNTech,1462751
2021-07-27,Uruguay,Sinovac,3200979
2021-07-28,Uruguay,Oxford/AstraZeneca,86237
2021-07-28,Uruguay,Pfizer/BioNTech,1478027
2021-07-28,Uruguay,Sinovac,3207209
2021-07-29,Uruguay,Oxford/AstraZeneca,86947
2021-07-29,Uruguay,Pfizer/BioNTech,1491191
2021-07-29,Uruguay,Sinovac,3213713
2021-07-30,Uruguay,Oxford/AstraZeneca,87623
2021-07-30,Uruguay,Pfizer/BioNTech,1503867
2021-07-30,Uruguay,Sinovac,3220340
2021-07-31,Uruguay,Oxford/AstraZeneca,87637
2021-07-31,Uruguay,Pfizer/BioNTech,1508251
2021-07-31,Uruguay,Sinovac,3221518
2021-08-01,Uruguay,Oxford/AstraZeneca,87642
2021-08-01,Uruguay,Pfizer/BioNTech,1508263
2021-08-01,Uruguay,Sinovac,3221521
2021-08-02,Uruguay,Oxford/AstraZeneca,87664
2021-08-02,Uruguay,Pfizer/BioNTech,1523588
2021-08-02,Uruguay,Sinovac,3224658
2021-08-03,Uruguay,Oxford/AstraZeneca,87767
2021-08-03,Uruguay,Pfizer/BioNTech,1539984
2021-08-03,Uruguay,Sinovac,3227473
2021-08-04,Uruguay,Oxford/AstraZeneca,87868
2021-08-04,Uruguay,Pfizer/BioNTech,1551666
2021-08-04,Uruguay,Sinovac,3232414
2021-08-05,Uruguay,Oxford/AstraZeneca,88033
2021-08-05,Uruguay,Pfizer/BioNTech,1568249
2021-08-05,Uruguay,Sinovac,3235574
2021-08-06,Uruguay,Oxford/AstraZeneca,88201
2021-08-06,Uruguay,Pfizer/BioNTech,1583953
2021-08-06,Uruguay,Sinovac,3237023
2021-08-07,Uruguay,Oxford/AstraZeneca,88339
2021-08-07,Uruguay,Pfizer/BioNTech,1586225
2021-08-07,Uruguay,Sinovac,3237494
2021-08-08,Uruguay,Oxford/AstraZeneca,88339
2021-08-08,Uruguay,Pfizer/BioNTech,1586321
2021-08-08,Uruguay,Sinovac,3237502
2021-08-09,Uruguay,Oxford/AstraZeneca,88404
2021-08-09,Uruguay,Pfizer/BioNTech,1614352
2021-08-09,Uruguay,Sinovac,3237827
2021-08-10,Uruguay,Oxford/AstraZeneca,88488
2021-08-10,Uruguay,Pfizer/BioNTech,1638050
2021-08-10,Uruguay,Sinovac,3238061
2021-08-11,Uruguay,Oxford/AstraZeneca,88652
2021-08-11,Uruguay,Pfizer/BioNTech,1660433
2021-08-11,Uruguay,Sinovac,3238272
2021-08-12,Uruguay,Oxford/AstraZeneca,88681
2021-08-12,Uruguay,Pfizer/BioNTech,1679025
2021-08-12,Uruguay,Sinovac,3239484
2021-08-13,Uruguay,Oxford/AstraZeneca,88796
2021-08-13,Uruguay,Pfizer/BioNTech,1692215
2021-08-13,Uruguay,Sinovac,3241987
2021-08-14,Uruguay,Oxford/AstraZeneca,88803
2021-08-14,Uruguay,Pfizer/BioNTech,1693890
2021-08-14,Uruguay,Sinovac,3241992
2021-08-15,Uruguay,Oxford/AstraZeneca,88813
2021-08-15,Uruguay,Pfizer/BioNTech,1693953
2021-08-15,Uruguay,Sinovac,3241993
2021-08-16,Uruguay,Oxford/AstraZeneca,88862
2021-08-16,Uruguay,Pfizer/BioNTech,1715441
2021-08-16,Uruguay,Sinovac,3242225
2021-08-17,Uruguay,Oxford/AstraZeneca,88879
2021-08-17,Uruguay,Pfizer/BioNTech,1728313
2021-08-17,Uruguay,Sinovac,3242583
2021-08-18,Uruguay,Oxford/AstraZeneca,88927
2021-08-18,Uruguay,Pfizer/BioNTech,1743026
2021-08-18,Uruguay,Sinovac,3242892
2021-08-19,Uruguay,Oxford/AstraZeneca,88944
2021-08-19,Uruguay,Pfizer/BioNTech,1758093
2021-08-19,Uruguay,Sinovac,3243217
2021-08-20,Uruguay,Oxford/AstraZeneca,89011
2021-08-20,Uruguay,Pfizer/BioNTech,1782744
2021-08-20,Uruguay,Sinovac,3243548
2021-08-21,Uruguay,Oxford/AstraZeneca,89030
2021-08-21,Uruguay,Pfizer/BioNTech,1785039
2021-08-21,Uruguay,Sinovac,3243598
2021-08-22,Uruguay,Oxford/AstraZeneca,89033
2021-08-22,Uruguay,Pfizer/BioNTech,1785963
2021-08-22,Uruguay,Sinovac,3243600
2021-08-23,Uruguay,Oxford/AstraZeneca,89047
2021-08-23,Uruguay,Pfizer/BioNTech,1797045
2021-08-23,Uruguay,Sinovac,3243749
2021-08-24,Uruguay,Oxford/AstraZeneca,89059
2021-08-24,Uruguay,Pfizer/BioNTech,1803748
2021-08-24,Uruguay,Sinovac,3243848
2021-08-25,Uruguay,Oxford/AstraZeneca,89067
2021-08-25,Uruguay,Pfizer/BioNTech,1803759
2021-08-25,Uruguay,Sinovac,3243854
2021-08-26,Uruguay,Oxford/AstraZeneca,89089
2021-08-26,Uruguay,Pfizer/BioNTech,1808922
2021-08-26,Uruguay,Sinovac,3243942
2021-08-27,Uruguay,Oxford/AstraZeneca,89103
2021-08-27,Uruguay,Pfizer/BioNTech,1815177
2021-08-27,Uruguay,Sinovac,3244812
2021-08-28,Uruguay,Oxford/AstraZeneca,89111
2021-08-28,Uruguay,Pfizer/BioNTech,1817332
2021-08-28,Uruguay,Sinovac,3244855
2021-08-29,Uruguay,Oxford/AstraZeneca,89112
2021-08-29,Uruguay,Pfizer/BioNTech,1817349
2021-08-29,Uruguay,Sinovac,3244858
2021-08-30,Uruguay,Oxford/AstraZeneca,89118
2021-08-30,Uruguay,Pfizer/BioNTech,1825828
2021-08-30,Uruguay,Sinovac,3244968
2021-08-31,Uruguay,Oxford/AstraZeneca,89138
2021-08-31,Uruguay,Pfizer/BioNTech,1833758
2021-08-31,Uruguay,Sinovac,3245046
2021-09-01,Uruguay,Oxford/AstraZeneca,89146
2021-09-01,Uruguay,Pfizer/BioNTech,1841227
2021-09-01,Uruguay,Sinovac,3245138
2021-09-02,Uruguay,Oxford/AstraZeneca,89147
2021-09-02,Uruguay,Pfizer/BioNTech,1849165
2021-09-02,Uruguay,Sinovac,3245241
2021-09-03,Uruguay,Oxford/AstraZeneca,89153
2021-09-03,Uruguay,Pfizer/BioNTech,1858447
2021-09-03,Uruguay,Sinovac,3245339
2021-09-04,Uruguay,Oxford/AstraZeneca,89155
2021-09-04,Uruguay,Pfizer/BioNTech,1859220
2021-09-04,Uruguay,Sinovac,3245344
2021-09-05,Uruguay,Oxford/AstraZeneca,89164
2021-09-05,Uruguay,Pfizer/BioNTech,1859394
2021-09-05,Uruguay,Sinovac,3245345
2021-09-06,Uruguay,Oxford/AstraZeneca,89170
2021-09-06,Uruguay,Pfizer/BioNTech,1873067
2021-09-06,Uruguay,Sinovac,3245425
2021-09-07,Uruguay,Oxford/AstraZeneca,89177
2021-09-07,Uruguay,Pfizer/BioNTech,1879528
2021-09-07,Uruguay,Sinovac,3245608
2021-09-08,Uruguay,Oxford/AstraZeneca,89182
2021-09-08,Uruguay,Pfizer/BioNTech,1885072
2021-09-08,Uruguay,Sinovac,3245818
2021-09-09,Uruguay,Oxford/AstraZeneca,89192
2021-09-09,Uruguay,Pfizer/BioNTech,1890589
2021-09-09,Uruguay,Sinovac,3246022
2021-09-10,Uruguay,Oxford/AstraZeneca,89195
2021-09-10,Uruguay,Pfizer/BioNTech,1896151
2021-09-10,Uruguay,Sinovac,3246219
2021-09-11,Uruguay,Oxford/AstraZeneca,89197
2021-09-11,Uruguay,Pfizer/BioNTech,1896310
2021-09-11,Uruguay,Sinovac,3246220
2021-09-12,Uruguay,Oxford/AstraZeneca,89197
2021-09-12,Uruguay,Pfizer/BioNTech,1896315
2021-09-12,Uruguay,Sinovac,3246220
2021-09-13,Uruguay,Oxford/AstraZeneca,89198
2021-09-13,Uruguay,Pfizer/BioNTech,1909155
2021-09-13,Uruguay,Sinovac,3246304
2021-09-14,Uruguay,Oxford/AstraZeneca,89202
2021-09-14,Uruguay,Pfizer/BioNTech,1913537
2021-09-14,Uruguay,Sinovac,3246491
2021-09-15,Uruguay,Oxford/AstraZeneca,89203
2021-09-15,Uruguay,Pfizer/BioNTech,1916403
2021-09-15,Uruguay,Sinovac,3246521
2021-09-16,Uruguay,Oxford/AstraZeneca,89212
2021-09-16,Uruguay,Pfizer/BioNTech,1920468
2021-09-16,Uruguay,Sinovac,3246692
2021-09-17,Uruguay,Oxford/AstraZeneca,89217
2021-09-17,Uruguay,Pfizer/BioNTech,1925654
2021-09-17,Uruguay,Sinovac,3246738
2021-09-18,Uruguay,Oxford/AstraZeneca,89221
2021-09-18,Uruguay,Pfizer/BioNTech,1925761
2021-09-18,Uruguay,Sinovac,3246738
2021-09-19,Uruguay,Oxford/AstraZeneca,89221
2021-09-19,Uruguay,Pfizer/BioNTech,1925764
2021-09-19,Uruguay,Sinovac,3246739
2021-09-20,Uruguay,Oxford/AstraZeneca,89224
2021-09-20,Uruguay,Pfizer/BioNTech,1929396
2021-09-20,Uruguay,Sinovac,3246761
2021-09-21,Uruguay,Oxford/AstraZeneca,89228
2021-09-21,Uruguay,Pfizer/BioNTech,1931899
2021-09-21,Uruguay,Sinovac,3246785
2021-09-22,Uruguay,Oxford/AstraZeneca,89232
2021-09-22,Uruguay,Pfizer/BioNTech,1934057
2021-09-22,Uruguay,Sinovac,3246809
2021-09-23,Uruguay,Oxford/AstraZeneca,89234
2021-09-23,Uruguay,Pfizer/BioNTech,1935610
2021-09-23,Uruguay,Sinovac,3246826
2021-09-24,Uruguay,Oxford/AstraZeneca,89236
2021-09-24,Uruguay,Pfizer/BioNTech,1938503
2021-09-24,Uruguay,Sinovac,3246856
2021-09-25,Uruguay,Oxford/AstraZeneca,89238
2021-09-25,Uruguay,Pfizer/BioNTech,1938538
2021-09-25,Uruguay,Sinovac,3246856
2021-09-26,Uruguay,Oxford/AstraZeneca,89239
2021-09-26,Uruguay,Pfizer/BioNTech,1938610
2021-09-26,Uruguay,Sinovac,3246859
2021-09-27,Uruguay,Oxford/AstraZeneca,89242
2021-09-27,Uruguay,Pfizer/BioNTech,1945182
2021-09-27,Uruguay,Sinovac,3246877
2021-09-28,Uruguay,Oxford/AstraZeneca,89245
2021-09-28,Uruguay,Pfizer/BioNTech,1948142
2021-09-28,Uruguay,Sinovac,3246893
2021-09-29,Uruguay,Oxford/AstraZeneca,89246
2021-09-29,Uruguay,Pfizer/BioNTech,1950251
2021-09-29,Uruguay,Sinovac,3246902
2021-09-30,Uruguay,Oxford/AstraZeneca,89250
2021-09-30,Uruguay,Pfizer/BioNTech,1952893
2021-09-30,Uruguay,Sinovac,3246918
2021-10-01,Uruguay,Oxford/AstraZeneca,89251
2021-10-01,Uruguay,Pfizer/BioNTech,1955887
2021-10-01,Uruguay,Sinovac,3246935
2021-10-02,Uruguay,Oxford/AstraZeneca,89253
2021-10-02,Uruguay,Pfizer/BioNTech,1956145
2021-10-02,Uruguay,Sinovac,3246936
2021-10-03,Uruguay,Oxford/AstraZeneca,89253
2021-10-03,Uruguay,Pfizer/BioNTech,1956308
2021-10-03,Uruguay,Sinovac,3246936
2021-10-04,Uruguay,Oxford/AstraZeneca,89253
2021-10-04,Uruguay,Pfizer/BioNTech,1967260
2021-10-04,Uruguay,Sinovac,3246948
2021-10-05,Uruguay,Oxford/AstraZeneca,89253
2021-10-05,Uruguay,Pfizer/BioNTech,1971855
2021-10-05,Uruguay,Sinovac,3246955
2021-10-06,Uruguay,Oxford/AstraZeneca,89255
2021-10-06,Uruguay,Pfizer/BioNTech,1976876
2021-10-06,Uruguay,Sinovac,3246972
2021-10-07,Uruguay,Oxford/AstraZeneca,89258
2021-10-07,Uruguay,Pfizer/BioNTech,1981667
2021-10-07,Uruguay,Sinovac,3246985
2021-10-08,Uruguay,Oxford/AstraZeneca,89259
2021-10-08,Uruguay,Pfizer/BioNTech,1986713
2021-10-08,Uruguay,Sinovac,3247009
2021-10-09,Uruguay,Oxford/AstraZeneca,89260
2021-10-09,Uruguay,Pfizer/BioNTech,1986935
2021-10-09,Uruguay,Sinovac,3247009
2021-10-10,Uruguay,Oxford/AstraZeneca,89260
2021-10-10,Uruguay,Pfizer/BioNTech,1986956
2021-10-10,Uruguay,Sinovac,3247009
2021-10-11,Uruguay,Oxford/AstraZeneca,89261
2021-10-11,Uruguay,Pfizer/BioNTech,1990974
2021-10-11,Uruguay,Sinovac,3247019
2021-10-12,Uruguay,Oxford/AstraZeneca,89261
2021-10-12,Uruguay,Pfizer/BioNTech,1994839
2021-10-12,Uruguay,Sinovac,3247031
2021-10-13,Uruguay,Oxford/AstraZeneca,89265
2021-10-13,Uruguay,Pfizer/BioNTech,1996978
2021-10-13,Uruguay,Sinovac,3247044
2021-10-14,Uruguay,Oxford/AstraZeneca,89268
2021-10-14,Uruguay,Pfizer/BioNTech,1999911
2021-10-14,Uruguay,Sinovac,3247056
2021-10-15,Uruguay,Oxford/AstraZeneca,89271
2021-10-15,Uruguay,Pfizer/BioNTech,2004510
2021-10-15,Uruguay,Sinovac,3247066
2021-10-16,Uruguay,Oxford/AstraZeneca,89271
2021-10-16,Uruguay,Pfizer/BioNTech,2004574
2021-10-16,Uruguay,Sinovac,3247066
2021-10-17,Uruguay,Oxford/AstraZeneca,89271
2021-10-17,Uruguay,Pfizer/BioNTech,2004576
2021-10-17,Uruguay,Sinovac,3247066
2021-10-18,Uruguay,Oxford/AstraZeneca,89271
2021-10-18,Uruguay,Pfizer/BioNTech,2009134
2021-10-18,Uruguay,Sinovac,3247081
2021-10-19,Uruguay,Oxford/AstraZeneca,89273
2021-10-19,Uruguay,Pfizer/BioNTech,2011448
2021-10-19,Uruguay,Sinovac,3247090
2021-10-20,Uruguay,Oxford/AstraZeneca,89274
2021-10-20,Uruguay,Pfizer/BioNTech,2012064
2021-10-20,Uruguay,Sinovac,3247092
2021-10-21,Uruguay,Oxford/AstraZeneca,89276
2021-10-21,Uruguay,Pfizer/BioNTech,2013824
2021-10-21,Uruguay,Sinovac,3247113
2021-10-22,Uruguay,Oxford/AstraZeneca,89276
2021-10-22,Uruguay,Pfizer/BioNTech,2017721
2021-10-22,Uruguay,Sinovac,3247129
2021-10-23,Uruguay,Oxford/AstraZeneca,89276
2021-10-23,Uruguay,Pfizer/BioNTech,2017730
2021-10-23,Uruguay,Sinovac,3247129
2021-10-24,Uruguay,Oxford/AstraZeneca,89276
2021-10-24,Uruguay,Pfizer/BioNTech,2017794
2021-10-24,Uruguay,Sinovac,3247129
2021-10-25,Uruguay,Oxford/AstraZeneca,89277
2021-10-25,Uruguay,Pfizer/BioNTech,2022760
2021-10-25,Uruguay,Sinovac,3247139
2021-10-26,Uruguay,Oxford/AstraZeneca,89277
2021-10-26,Uruguay,Pfizer/BioNTech,2024466
2021-10-26,Uruguay,Sinovac,3247153
2021-10-27,Uruguay,Oxford/AstraZeneca,89277
2021-10-27,Uruguay,Pfizer/BioNTech,2025920
2021-10-27,Uruguay,Sinovac,3247159
2021-10-28,Uruguay,Oxford/AstraZeneca,89277
2021-10-28,Uruguay,Pfizer/BioNTech,2027440
2021-10-28,Uruguay,Sinovac,3247161
2021-10-29,Uruguay,Oxford/AstraZeneca,89277
2021-10-29,Uruguay,Pfizer/BioNTech,2030320
2021-10-29,Uruguay,Sinovac,3247165
2021-10-30,Uruguay,Oxford/AstraZeneca,89277
2021-10-30,Uruguay,Pfizer/BioNTech,2030417
2021-10-30,Uruguay,Sinovac,3247165
2021-10-31,Uruguay,Oxford/AstraZeneca,89277
2021-10-31,Uruguay,Pfizer/BioNTech,2030417
2021-10-31,Uruguay,Sinovac,3247165
2021-11-01,Uruguay,Oxford/AstraZeneca,89277
2021-11-01,Uruguay,Pfizer/BioNTech,2033367
2021-11-01,Uruguay,Sinovac,3247165
2021-11-02,Uruguay,Oxford/AstraZeneca,89278
2021-11-02,Uruguay,Pfizer/BioNTech,2033370
2021-11-02,Uruguay,Sinovac,3247165
2021-11-03,Uruguay,Oxford/AstraZeneca,89280
2021-11-03,Uruguay,Pfizer/BioNTech,2035604
2021-11-03,Uruguay,Sinovac,3247171
2021-11-04,Uruguay,Oxford/AstraZeneca,89281
2021-11-04,Uruguay,Pfizer/BioNTech,2037586
2021-11-04,Uruguay,Sinovac,3247179
2021-11-05,Uruguay,Oxford/AstraZeneca,89283
2021-11-05,Uruguay,Pfizer/BioNTech,2041528
2021-11-05,Uruguay,Sinovac,3247198
2021-11-06,Uruguay,Oxford/AstraZeneca,89284
2021-11-06,Uruguay,Pfizer/BioNTech,2041644
2021-11-06,Uruguay,Sinovac,3247198
2021-11-07,Uruguay,Oxford/AstraZeneca,89284
2021-11-07,Uruguay,Pfizer/BioNTech,2041645
2021-11-07,Uruguay,Sinovac,3247198
2021-11-08,Uruguay,Oxford/AstraZeneca,89285
2021-11-08,Uruguay,Pfizer/BioNTech,2043313
2021-11-08,Uruguay,Sinovac,3247200
2021-11-09,Uruguay,Oxford/AstraZeneca,89285
2021-11-09,Uruguay,Pfizer/BioNTech,2046003
2021-11-09,Uruguay,Sinovac,3247204
2021-11-10,Uruguay,Oxford/AstraZeneca,89286
2021-11-10,Uruguay,Pfizer/BioNTech,2048321
2021-11-10,Uruguay,Sinovac,3247210
2021-11-11,Uruguay,Oxford/AstraZeneca,89289
2021-11-11,Uruguay,Pfizer/BioNTech,2051023
2021-11-11,Uruguay,Sinovac,3247227
2021-11-12,Uruguay,Oxford/AstraZeneca,89290
2021-11-12,Uruguay,Pfizer/BioNTech,2056107
2021-11-12,Uruguay,Sinovac,3247239
2021-11-13,Uruguay,Oxford/AstraZeneca,89290
2021-11-13,Uruguay,Pfizer/BioNTech,2056167
2021-11-13,Uruguay,Sinovac,3247239
2021-11-14,Uruguay,Oxford/AstraZeneca,89290
2021-11-14,Uruguay,Pfizer/BioNTech,2056174
2021-11-14,Uruguay,Sinovac,3247239
2021-11-15,Uruguay,Oxford/AstraZeneca,89290
2021-11-15,Uruguay,Pfizer/BioNTech,2057826
2021-11-15,Uruguay,Sinovac,3247242
2021-11-16,Uruguay,Oxford/AstraZeneca,89291
2021-11-16,Uruguay,Pfizer/BioNTech,2059253
2021-11-16,Uruguay,Sinovac,3247246
2021-11-17,Uruguay,Oxford/AstraZeneca,89291
2021-11-17,Uruguay,Pfizer/BioNTech,2059689
2021-11-17,Uruguay,Sinovac,3247254
2021-11-18,Uruguay,Oxford/AstraZeneca,89292
2021-11-18,Uruguay,Pfizer/BioNTech,2061093
2021-11-18,Uruguay,Sinovac,3247259
2021-11-19,Uruguay,Oxford/AstraZeneca,89292
2021-11-19,Uruguay,Pfizer/BioNTech,2065379
2021-11-19,Uruguay,Sinovac,3247272
2021-11-20,Uruguay,Oxford/AstraZeneca,89292
2021-11-20,Uruguay,Pfizer/BioNTech,2065388
2021-11-20,Uruguay,Sinovac,3247273
2021-11-21,Uruguay,Oxford/AstraZeneca,89292
2021-11-21,Uruguay,Pfizer/BioNTech,2065391
2021-11-21,Uruguay,Sinovac,3247273
2021-11-22,Uruguay,Oxford/AstraZeneca,89293
2021-11-22,Uruguay,Pfizer/BioNTech,2067898
2021-11-22,Uruguay,Sinovac,3247285
2021-11-23,Uruguay,Oxford/AstraZeneca,89293
2021-11-23,Uruguay,Pfizer/BioNTech,2069260
2021-11-23,Uruguay,Sinovac,3247292
2021-11-24,Uruguay,Oxford/AstraZeneca,89293
2021-11-24,Uruguay,Pfizer/BioNTech,2070268
2021-11-24,Uruguay,Sinovac,3247299
2021-11-25,Uruguay,Oxford/AstraZeneca,89295
2021-11-25,Uruguay,Pfizer/BioNTech,2071235
2021-11-25,Uruguay,Sinovac,3247301
2021-11-26,Uruguay,Oxford/AstraZeneca,89295
2021-11-26,Uruguay,Pfizer/BioNTech,2072750
2021-11-26,Uruguay,Sinovac,3247307
2021-11-27,Uruguay,Oxford/AstraZeneca,89295
2021-11-27,Uruguay,Pfizer/BioNTech,2072801
2021-11-27,Uruguay,Sinovac,3247307
2021-11-28,Uruguay,Oxford/AstraZeneca,89295
2021-11-28,Uruguay,Pfizer/BioNTech,2072801
2021-11-28,Uruguay,Sinovac,3247307
2021-11-29,Uruguay,Oxford/AstraZeneca,89295
2021-11-29,Uruguay,Pfizer/BioNTech,2074442
2021-11-29,Uruguay,Sinovac,3247309
2021-11-30,Uruguay,Oxford/AstraZeneca,89295
2021-11-30,Uruguay,Pfizer/BioNTech,2075835
2021-11-30,Uruguay,Sinovac,3247311
2021-12-01,Uruguay,Oxford/AstraZeneca,89296
2021-12-01,Uruguay,Pfizer/BioNTech,2076771
2021-12-01,Uruguay,Sinovac,3247318
2021-12-02,Uruguay,Oxford/AstraZeneca,89297
2021-12-02,Uruguay,Pfizer/BioNTech,2077819
2021-12-02,Uruguay,Sinovac,3247330
2021-12-03,Uruguay,Oxford/AstraZeneca,89297
2021-12-03,Uruguay,Pfizer/BioNTech,2080633
2021-12-03,Uruguay,Sinovac,3247341
2021-12-04,Uruguay,Oxford/AstraZeneca,89297
2021-12-04,Uruguay,Pfizer/BioNTech,2080654
2021-12-04,Uruguay,Sinovac,3247341
2021-12-05,Uruguay,Oxford/AstraZeneca,89297
2021-12-05,Uruguay,Pfizer/BioNTech,2080656
2021-12-05,Uruguay,Sinovac,3247341
2021-12-06,Uruguay,Oxford/AstraZeneca,89298
2021-12-06,Uruguay,Pfizer/BioNTech,2081812
2021-12-06,Uruguay,Sinovac,3247346
2021-12-07,Uruguay,Oxford/AstraZeneca,89298
2021-12-07,Uruguay,Pfizer/BioNTech,2083312
2021-12-07,Uruguay,Sinovac,3247352
2021-12-08,Uruguay,Oxford/AstraZeneca,89298
2021-12-08,Uruguay,Pfizer/BioNTech,2084640
2021-12-08,Uruguay,Sinovac,3247353
2021-12-09,Uruguay,Oxford/AstraZeneca,89298
2021-12-09,Uruguay,Pfizer/BioNTech,2085964
2021-12-09,Uruguay,Sinovac,3247355
2021-12-10,Uruguay,Oxford/AstraZeneca,89298
2021-12-10,Uruguay,Pfizer/BioNTech,2088326
2021-12-10,Uruguay,Sinovac,3247362
2021-12-11,Uruguay,Oxford/AstraZeneca,89298
2021-12-11,Uruguay,Pfizer/BioNTech,2088336
2021-12-11,Uruguay,Sinovac,3247362
2021-12-12,Uruguay,Oxford/AstraZeneca,89298
2021-12-12,Uruguay,Pfizer/BioNTech,2088336
2021-12-12,Uruguay,Sinovac,3247362
2021-12-13,Uruguay,Oxford/AstraZeneca,89299
2021-12-13,Uruguay,Pfizer/BioNTech,2090895
2021-12-13,Uruguay,Sinovac,3247371
2021-12-14,Uruguay,Oxford/AstraZeneca,89299
2021-12-14,Uruguay,Pfizer/BioNTech,2092429
2021-12-14,Uruguay,Sinovac,3247373
2021-12-15,Uruguay,Oxford/AstraZeneca,89299
2021-12-15,Uruguay,Pfizer/BioNTech,2093426
2021-12-15,Uruguay,Sinovac,3247377
2021-12-16,Uruguay,Oxford/AstraZeneca,89299
2021-12-16,Uruguay,Pfizer/BioNTech,2095223
2021-12-16,Uruguay,Sinovac,3247383
2021-12-17,Uruguay,Oxford/AstraZeneca,89299
2021-12-17,Uruguay,Pfizer/BioNTech,2099681
2021-12-17,Uruguay,Sinovac,3247394
2021-12-18,Uruguay,Oxford/AstraZeneca,89299
2021-12-18,Uruguay,Pfizer/BioNTech,2099717
2021-12-18,Uruguay,Sinovac,3247394
2021-12-19,Uruguay,Oxford/AstraZeneca,89299
2021-12-19,Uruguay,Pfizer/BioNTech,2099717
2021-12-19,Uruguay,Sinovac,3247394
2021-12-20,Uruguay,Oxford/AstraZeneca,89299
2021-12-20,Uruguay,Pfizer/BioNTech,2101697
2021-12-20,Uruguay,Sinovac,3247401
2021-12-21,Uruguay,Oxford/AstraZeneca,89300
2021-12-21,Uruguay,Pfizer/BioNTech,2102814
2021-12-21,Uruguay,Sinovac,3247403
2021-12-22,Uruguay,Oxford/AstraZeneca,89300
2021-12-22,Uruguay,Pfizer/BioNTech,2104116
2021-12-22,Uruguay,Sinovac,3247407
2021-12-23,Uruguay,Oxford/AstraZeneca,89300
2021-12-23,Uruguay,Pfizer/BioNTech,2104247
2021-12-23,Uruguay,Sinovac,3247411
2021-12-24,Uruguay,Oxford/AstraZeneca,89300
2021-12-24,Uruguay,Pfizer/BioNTech,2104261
2021-12-24,Uruguay,Sinovac,3247411
2021-12-25,Uruguay,Oxford/AstraZeneca,89300
2021-12-25,Uruguay,Pfizer/BioNTech,2104261
2021-12-25,Uruguay,Sinovac,3247411
2021-12-26,Uruguay,Oxford/AstraZeneca,89300
2021-12-26,Uruguay,Pfizer/BioNTech,2104261
2021-12-26,Uruguay,Sinovac,3247411
2021-12-27,Uruguay,Oxford/AstraZeneca,89302
2021-12-27,Uruguay,Pfizer/BioNTech,2105534
2021-12-27,Uruguay,Sinovac,3247413
2021-12-28,Uruguay,Oxford/AstraZeneca,89302
2021-12-28,Uruguay,Pfizer/BioNTech,2106848
2021-12-28,Uruguay,Sinovac,3247420
2021-12-29,Uruguay,Oxford/AstraZeneca,89302
2021-12-29,Uruguay,Pfizer/BioNTech,2107510
2021-12-29,Uruguay,Sinovac,3247421
2021-12-30,Uruguay,Oxford/AstraZeneca,89302
2021-12-30,Uruguay,Pfizer/BioNTech,2107759
2021-12-30,Uruguay,Sinovac,3247424
2021-12-31,Uruguay,Oxford/AstraZeneca,89302
2021-12-31,Uruguay,Pfizer/BioNTech,2107763
2021-12-31,Uruguay,Sinovac,3247425
2022-01-01,Uruguay,Oxford/AstraZeneca,89302
2022-01-01,Uruguay,Pfizer/BioNTech,2107763
2022-01-01,Uruguay,Sinovac,3247425
2022-01-02,Uruguay,Oxford/AstraZeneca,89302
2022-01-02,Uruguay,Pfizer/BioNTech,2107763
2022-01-02,Uruguay,Sinovac,3247425
2022-01-03,Uruguay,Oxford/AstraZeneca,89302
2022-01-03,Uruguay,Pfizer/BioNTech,2109418
2022-01-03,Uruguay,Sinovac,3247444
2022-01-04,Uruguay,Oxford/AstraZeneca,89302
2022-01-04,Uruguay,Pfizer/BioNTech,2110965
2022-01-04,Uruguay,Sinovac,3247452
2022-01-05,Uruguay,Oxford/AstraZeneca,89303
2022-01-05,Uruguay,Pfizer/BioNTech,2111860
2022-01-05,Uruguay,Sinovac,3247453
2022-01-06,Uruguay,Oxford/AstraZeneca,89303
2022-01-06,Uruguay,Pfizer/BioNTech,2111860
2022-01-06,Uruguay,Sinovac,3247453
2022-01-07,Uruguay,Oxford/AstraZeneca,89303
2022-01-07,Uruguay,Pfizer/BioNTech,2112259
2022-01-07,Uruguay,Sinovac,3247454
2022-01-08,Uruguay,Oxford/AstraZeneca,89303
2022-01-08,Uruguay,Pfizer/BioNTech,2112259
2022-01-08,Uruguay,Sinovac,3247454
2022-01-09,Uruguay,Oxford/AstraZeneca,89303
2022-01-09,Uruguay,Pfizer/BioNTech,2112259
2022-01-09,Uruguay,Sinovac,3247454
2022-01-10,Uruguay,Oxford/AstraZeneca,89303
2022-01-10,Uruguay,Pfizer/BioNTech,2120246
2022-01-10,Uruguay,Sinovac,3247481
2022-01-11,Uruguay,Oxford/AstraZeneca,89303
2022-01-11,Uruguay,Pfizer/BioNTech,2122144
2022-01-11,Uruguay,Sinovac,3247483
2022-01-12,Uruguay,Oxford/AstraZeneca,89303
2022-01-12,Uruguay,Pfizer/BioNTech,2134784
2022-01-12,Uruguay,Sinovac,3247500
2022-01-13,Uruguay,Oxford/AstraZeneca,89303
2022-01-13,Uruguay,Pfizer/BioNTech,2148037
2022-01-13,Uruguay,Sinovac,3247501
2022-01-14,Uruguay,Oxford/AstraZeneca,89303
2022-01-14,Uruguay,Pfizer/BioNTech,2155118
2022-01-14,Uruguay,Sinovac,3247502
2022-01-15,Uruguay,Oxford/AstraZeneca,89303
2022-01-15,Uruguay,Pfizer/BioNTech,2155259
2022-01-15,Uruguay,Sinovac,3247502
2022-01-16,Uruguay,Oxford/AstraZeneca,89303
2022-01-16,Uruguay,Pfizer/BioNTech,2155262
2022-01-16,Uruguay,Sinovac,3247502
2022-01-17,Uruguay,Oxford/AstraZeneca,89303
2022-01-17,Uruguay,Pfizer/BioNTech,2163902
2022-01-17,Uruguay,Sinovac,3247504
