date,people_vaccinated,people_fully_vaccinated,total_boosters,total_vaccinations,source_url,location,vaccine
2020-12-28,452,0,0,452,https://data.public.lu/en/datasets/donnees-covid19/#_,Luxembourg,Pfizer/BioNTech
2020-12-29,800,0,0,800,https://data.public.lu/en/datasets/donnees-covid19/#_,Luxembourg,Pfizer/BioNTech
2020-12-30,1251,0,0,1251,https://data.public.lu/en/datasets/donnees-covid19/#_,Luxembourg,Pfizer/BioNTech
2021-01-06,1351,0,0,1351,https://data.public.lu/en/datasets/donnees-covid19/#_,Luxembourg,Pfizer/BioNTech
2021-01-07,1496,0,0,1496,https://data.public.lu/en/datasets/donnees-covid19/#_,Luxembourg,Pfizer/BioNTech
2021-01-08,1706,0,0,1706,https://data.public.lu/en/datasets/donnees-covid19/#_,Luxembourg,Pfizer/BioNTech
2021-01-11,1948,0,0,1948,https://data.public.lu/en/datasets/donnees-covid19/#_,Luxembourg,Pfizer/BioNTech
2021-01-12,2377,0,0,2377,https://data.public.lu/en/datasets/donnees-covid19/#_,Luxembourg,Pfizer/BioNTech
2021-01-13,2875,0,0,2875,https://data.public.lu/en/datasets/donnees-covid19/#_,Luxembourg,Pfizer/BioNTech
2021-01-14,3237,0,0,3237,https://data.public.lu/en/datasets/donnees-covid19/#_,Luxembourg,Pfizer/BioNTech
2021-01-15,3680,0,0,3680,https://data.public.lu/en/datasets/donnees-covid19/#_,Luxembourg,Pfizer/BioNTech
2021-01-16,3759,0,0,3759,https://data.public.lu/en/datasets/donnees-covid19/#_,Luxembourg,Pfizer/BioNTech
2021-01-18,4126,447,0,4573,https://data.public.lu/en/datasets/donnees-covid19/#_,Luxembourg,Pfizer/BioNTech
2021-01-19,4503,794,0,5297,https://data.public.lu/en/datasets/donnees-covid19/#_,Luxembourg,Pfizer/BioNTech
2021-01-20,4954,1243,0,6197,https://data.public.lu/en/datasets/donnees-covid19/#_,Luxembourg,"Moderna, Pfizer/BioNTech"
2021-01-21,5658,1243,0,6901,https://data.public.lu/en/datasets/donnees-covid19/#_,Luxembourg,"Moderna, Pfizer/BioNTech"
2021-01-22,6339,1244,0,7583,https://data.public.lu/en/datasets/donnees-covid19/#_,Luxembourg,"Moderna, Pfizer/BioNTech"
2021-01-23,6471,1244,0,7715,https://data.public.lu/en/datasets/donnees-covid19/#_,Luxembourg,"Moderna, Pfizer/BioNTech"
2021-01-25,7311,1245,0,8556,https://data.public.lu/en/datasets/donnees-covid19/#_,Luxembourg,"Moderna, Pfizer/BioNTech"
2021-01-26,8279,1245,0,9524,https://data.public.lu/en/datasets/donnees-covid19/#_,Luxembourg,"Moderna, Pfizer/BioNTech"
2021-01-27,9106,1342,0,10448,https://data.public.lu/en/datasets/donnees-covid19/#_,Luxembourg,"Moderna, Pfizer/BioNTech"
2021-01-28,9888,1483,0,11371,https://data.public.lu/en/datasets/donnees-covid19/#_,Luxembourg,"Moderna, Pfizer/BioNTech"
2021-01-29,10622,1680,0,12302,https://data.public.lu/en/datasets/donnees-covid19/#_,Luxembourg,"Moderna, Pfizer/BioNTech"
2021-01-30,10749,1680,0,12429,https://data.public.lu/en/datasets/donnees-covid19/#_,Luxembourg,"Moderna, Pfizer/BioNTech"
2021-02-01,11334,1905,0,13239,https://data.public.lu/en/datasets/donnees-covid19/#_,Luxembourg,"Moderna, Pfizer/BioNTech"
2021-02-02,11924,2328,0,14252,https://data.public.lu/en/datasets/donnees-covid19/#_,Luxembourg,"Moderna, Pfizer/BioNTech"
2021-02-03,12598,2811,0,15409,https://data.public.lu/en/datasets/donnees-covid19/#_,Luxembourg,"Moderna, Pfizer/BioNTech"
2021-02-04,13257,3164,0,16421,https://data.public.lu/en/datasets/donnees-covid19/#_,Luxembourg,"Moderna, Pfizer/BioNTech"
2021-02-05,13822,3615,0,17437,https://data.public.lu/en/datasets/donnees-covid19/#_,Luxembourg,"Moderna, Pfizer/BioNTech"
2021-02-06,13941,3691,0,17632,https://data.public.lu/en/datasets/donnees-covid19/#_,Luxembourg,"Moderna, Pfizer/BioNTech"
2021-02-08,14090,4053,0,18143,https://data.public.lu/en/datasets/donnees-covid19/#_,Luxembourg,"Moderna, Pfizer/BioNTech"
2021-02-09,14228,4429,0,18657,https://data.public.lu/en/datasets/donnees-covid19/#_,Luxembourg,"Moderna, Pfizer/BioNTech"
2021-02-10,15054,4874,0,19928,https://data.public.lu/en/datasets/donnees-covid19/#_,Luxembourg,"Moderna, Oxford/AstraZeneca, Pfizer/BioNTech"
2021-02-11,16133,5263,0,21396,https://data.public.lu/en/datasets/donnees-covid19/#_,Luxembourg,"Moderna, Oxford/AstraZeneca, Pfizer/BioNTech"
2021-02-12,16924,5642,0,22566,https://data.public.lu/en/datasets/donnees-covid19/#_,Luxembourg,"Moderna, Oxford/AstraZeneca, Pfizer/BioNTech"
2021-02-13,17259,5642,0,22901,https://data.public.lu/en/datasets/donnees-covid19/#_,Luxembourg,"Moderna, Oxford/AstraZeneca, Pfizer/BioNTech"
2021-02-15,18056,5973,0,24029,https://data.public.lu/en/datasets/donnees-covid19/#_,Luxembourg,"Moderna, Oxford/AstraZeneca, Pfizer/BioNTech"
2021-02-16,19626,6298,0,25924,https://data.public.lu/en/datasets/donnees-covid19/#_,Luxembourg,"Moderna, Oxford/AstraZeneca, Pfizer/BioNTech"
2021-02-17,20609,6516,0,27125,https://data.public.lu/en/datasets/donnees-covid19/#_,Luxembourg,"Moderna, Oxford/AstraZeneca, Pfizer/BioNTech"
2021-02-18,21857,7082,0,28939,https://data.public.lu/en/datasets/donnees-covid19/#_,Luxembourg,"Moderna, Oxford/AstraZeneca, Pfizer/BioNTech"
2021-02-19,22972,7590,0,30562,https://data.public.lu/en/datasets/donnees-covid19/#_,Luxembourg,"Moderna, Oxford/AstraZeneca, Pfizer/BioNTech"
2021-02-20,23264,7723,0,30987,https://data.public.lu/en/datasets/donnees-covid19/#_,Luxembourg,"Moderna, Oxford/AstraZeneca, Pfizer/BioNTech"
2021-02-22,23690,8241,0,31931,https://data.public.lu/en/datasets/donnees-covid19/#_,Luxembourg,"Moderna, Oxford/AstraZeneca, Pfizer/BioNTech"
2021-02-23,24513,8863,0,33376,https://data.public.lu/en/datasets/donnees-covid19/#_,Luxembourg,"Moderna, Oxford/AstraZeneca, Pfizer/BioNTech"
2021-02-24,25290,9477,0,34767,https://data.public.lu/en/datasets/donnees-covid19/#_,Luxembourg,"Moderna, Oxford/AstraZeneca, Pfizer/BioNTech"
2021-02-25,26094,9984,0,36078,https://data.public.lu/en/datasets/donnees-covid19/#_,Luxembourg,"Moderna, Oxford/AstraZeneca, Pfizer/BioNTech"
2021-02-26,26796,10579,0,37375,https://data.public.lu/en/datasets/donnees-covid19/#_,Luxembourg,"Moderna, Oxford/AstraZeneca, Pfizer/BioNTech"
2021-02-27,27097,10702,0,37799,https://data.public.lu/en/datasets/donnees-covid19/#_,Luxembourg,"Moderna, Oxford/AstraZeneca, Pfizer/BioNTech"
2021-03-01,27659,11468,0,39127,https://data.public.lu/en/datasets/donnees-covid19/#_,Luxembourg,"Moderna, Oxford/AstraZeneca, Pfizer/BioNTech"
2021-03-02,28476,11995,0,40471,https://data.public.lu/en/datasets/donnees-covid19/#_,Luxembourg,"Moderna, Oxford/AstraZeneca, Pfizer/BioNTech"
2021-03-03,29400,12728,0,42128,https://data.public.lu/en/datasets/donnees-covid19/#_,Luxembourg,"Moderna, Oxford/AstraZeneca, Pfizer/BioNTech"
2021-03-04,30722,13457,0,44179,https://data.public.lu/en/datasets/donnees-covid19/#_,Luxembourg,"Moderna, Oxford/AstraZeneca, Pfizer/BioNTech"
2021-03-05,31973,14011,0,45984,https://data.public.lu/en/datasets/donnees-covid19/#_,Luxembourg,"Moderna, Oxford/AstraZeneca, Pfizer/BioNTech"
2021-03-06,32591,14127,0,46718,https://data.public.lu/en/datasets/donnees-covid19/#_,Luxembourg,"Moderna, Oxford/AstraZeneca, Pfizer/BioNTech"
2021-03-08,33238,14286,0,47524,https://data.public.lu/en/datasets/donnees-covid19/#_,Luxembourg,"Moderna, Oxford/AstraZeneca, Pfizer/BioNTech"
2021-03-09,34530,14437,0,48967,https://data.public.lu/en/datasets/donnees-covid19/#_,Luxembourg,"Moderna, Oxford/AstraZeneca, Pfizer/BioNTech"
2021-03-10,36691,14771,0,51462,https://data.public.lu/en/datasets/donnees-covid19/#_,Luxembourg,"Moderna, Oxford/AstraZeneca, Pfizer/BioNTech"
2021-03-11,39561,15318,0,54879,https://data.public.lu/en/datasets/donnees-covid19/#_,Luxembourg,"Moderna, Oxford/AstraZeneca, Pfizer/BioNTech"
2021-03-12,42231,15552,0,57783,https://data.public.lu/en/datasets/donnees-covid19/#_,Luxembourg,"Moderna, Oxford/AstraZeneca, Pfizer/BioNTech"
2021-03-13,43481,15576,0,59057,https://data.public.lu/en/datasets/donnees-covid19/#_,Luxembourg,"Moderna, Oxford/AstraZeneca, Pfizer/BioNTech"
2021-03-15,44877,15902,0,60779,https://data.public.lu/en/datasets/donnees-covid19/#_,Luxembourg,"Moderna, Oxford/AstraZeneca, Pfizer/BioNTech"
2021-03-16,47594,16478,0,64072,https://data.public.lu/en/datasets/donnees-covid19/#_,Luxembourg,"Moderna, Oxford/AstraZeneca, Pfizer/BioNTech"
2021-03-17,50216,16942,0,67158,https://data.public.lu/en/datasets/donnees-covid19/#_,Luxembourg,"Moderna, Oxford/AstraZeneca, Pfizer/BioNTech"
2021-03-18,52868,17480,0,70348,https://data.public.lu/en/datasets/donnees-covid19/#_,Luxembourg,"Moderna, Oxford/AstraZeneca, Pfizer/BioNTech"
2021-03-19,55344,17857,0,73201,https://data.public.lu/en/datasets/donnees-covid19/#_,Luxembourg,"Moderna, Oxford/AstraZeneca, Pfizer/BioNTech"
2021-03-20,56379,17884,0,74263,https://data.public.lu/en/datasets/donnees-covid19/#_,Luxembourg,"Moderna, Oxford/AstraZeneca, Pfizer/BioNTech"
2021-03-22,57403,18142,0,75545,https://data.public.lu/en/datasets/donnees-covid19/#_,Luxembourg,"Moderna, Oxford/AstraZeneca, Pfizer/BioNTech"
2021-03-23,59304,18704,0,78008,https://data.public.lu/en/datasets/donnees-covid19/#_,Luxembourg,"Moderna, Oxford/AstraZeneca, Pfizer/BioNTech"
2021-03-24,61019,19326,0,80345,https://data.public.lu/en/datasets/donnees-covid19/#_,Luxembourg,"Moderna, Oxford/AstraZeneca, Pfizer/BioNTech"
2021-03-25,62802,19866,0,82668,https://data.public.lu/en/datasets/donnees-covid19/#_,Luxembourg,"Moderna, Oxford/AstraZeneca, Pfizer/BioNTech"
2021-03-26,64690,20501,0,85191,https://data.public.lu/en/datasets/donnees-covid19/#_,Luxembourg,"Moderna, Oxford/AstraZeneca, Pfizer/BioNTech"
2021-03-27,65841,20731,0,86572,https://data.public.lu/en/datasets/donnees-covid19/#_,Luxembourg,"Moderna, Oxford/AstraZeneca, Pfizer/BioNTech"
2021-03-29,68605,21096,1,89702,https://data.public.lu/en/datasets/donnees-covid19/#_,Luxembourg,"Moderna, Oxford/AstraZeneca, Pfizer/BioNTech"
2021-03-30,70903,21689,1,92593,https://data.public.lu/en/datasets/donnees-covid19/#_,Luxembourg,"Moderna, Oxford/AstraZeneca, Pfizer/BioNTech"
2021-03-31,73144,22534,1,95679,https://data.public.lu/en/datasets/donnees-covid19/#_,Luxembourg,"Moderna, Oxford/AstraZeneca, Pfizer/BioNTech"
2021-04-01,75854,23522,1,99377,https://data.public.lu/en/datasets/donnees-covid19/#_,Luxembourg,"Moderna, Oxford/AstraZeneca, Pfizer/BioNTech"
2021-04-02,78399,24407,1,102807,https://data.public.lu/en/datasets/donnees-covid19/#_,Luxembourg,"Moderna, Oxford/AstraZeneca, Pfizer/BioNTech"
2021-04-03,81075,24829,1,105905,https://data.public.lu/en/datasets/donnees-covid19/#_,Luxembourg,"Moderna, Oxford/AstraZeneca, Pfizer/BioNTech"
2021-04-05,83639,25320,1,108960,https://data.public.lu/en/datasets/donnees-covid19/#_,Luxembourg,"Moderna, Oxford/AstraZeneca, Pfizer/BioNTech"
2021-04-06,86344,26447,1,112792,https://data.public.lu/en/datasets/donnees-covid19/#_,Luxembourg,"Moderna, Oxford/AstraZeneca, Pfizer/BioNTech"
2021-04-07,88706,28468,1,117175,https://data.public.lu/en/datasets/donnees-covid19/#_,Luxembourg,"Moderna, Oxford/AstraZeneca, Pfizer/BioNTech"
2021-04-08,91063,30933,1,121997,https://data.public.lu/en/datasets/donnees-covid19/#_,Luxembourg,"Moderna, Oxford/AstraZeneca, Pfizer/BioNTech"
2021-04-09,93739,33211,1,126951,https://data.public.lu/en/datasets/donnees-covid19/#_,Luxembourg,"Moderna, Oxford/AstraZeneca, Pfizer/BioNTech"
2021-04-10,96042,34289,1,130332,https://data.public.lu/en/datasets/donnees-covid19/#_,Luxembourg,"Moderna, Oxford/AstraZeneca, Pfizer/BioNTech"
2021-04-12,99982,35169,1,135152,https://data.public.lu/en/datasets/donnees-covid19/#_,Luxembourg,"Moderna, Oxford/AstraZeneca, Pfizer/BioNTech"
2021-04-13,103559,37861,1,141421,https://data.public.lu/en/datasets/donnees-covid19/#_,Luxembourg,"Moderna, Oxford/AstraZeneca, Pfizer/BioNTech"
2021-04-14,107157,,2,147593,https://data.public.lu/en/datasets/donnees-covid19/#_,Luxembourg,"Johnson&Johnson, Moderna, Oxford/AstraZeneca, Pfizer/BioNTech"
2021-04-15,110428,,2,153503,https://data.public.lu/en/datasets/donnees-covid19/#_,Luxembourg,"Johnson&Johnson, Moderna, Oxford/AstraZeneca, Pfizer/BioNTech"
2021-04-16,113933,,2,159190,https://data.public.lu/en/datasets/donnees-covid19/#_,Luxembourg,"Johnson&Johnson, Moderna, Oxford/AstraZeneca, Pfizer/BioNTech"
2021-04-17,118110,,2,164169,https://data.public.lu/en/datasets/donnees-covid19/#_,Luxembourg,"Johnson&Johnson, Moderna, Oxford/AstraZeneca, Pfizer/BioNTech"
2021-04-19,119251,,2,165594,https://data.public.lu/en/datasets/donnees-covid19/#_,Luxembourg,"Johnson&Johnson, Moderna, Oxford/AstraZeneca, Pfizer/BioNTech"
2021-04-20,120298,,2,166801,https://data.public.lu/en/datasets/donnees-covid19/#_,Luxembourg,"Johnson&Johnson, Moderna, Oxford/AstraZeneca, Pfizer/BioNTech"
2021-04-21,123131,,2,170121,https://data.public.lu/en/datasets/donnees-covid19/#_,Luxembourg,"Johnson&Johnson, Moderna, Oxford/AstraZeneca, Pfizer/BioNTech"
2021-04-22,125732,,2,173235,https://data.public.lu/en/datasets/donnees-covid19/#_,Luxembourg,"Johnson&Johnson, Moderna, Oxford/AstraZeneca, Pfizer/BioNTech"
2021-04-23,128527,,2,176520,https://data.public.lu/en/datasets/donnees-covid19/#_,Luxembourg,"Johnson&Johnson, Moderna, Oxford/AstraZeneca, Pfizer/BioNTech"
2021-04-24,130583,,2,178889,https://data.public.lu/en/datasets/donnees-covid19/#_,Luxembourg,"Johnson&Johnson, Moderna, Oxford/AstraZeneca, Pfizer/BioNTech"
2021-04-26,131867,,2,180583,https://data.public.lu/en/datasets/donnees-covid19/#_,Luxembourg,"Johnson&Johnson, Moderna, Oxford/AstraZeneca, Pfizer/BioNTech"
2021-04-27,132680,,2,182001,https://data.public.lu/en/datasets/donnees-covid19/#_,Luxembourg,"Johnson&Johnson, Moderna, Oxford/AstraZeneca, Pfizer/BioNTech"
2021-04-28,136445,,2,186563,https://data.public.lu/en/datasets/donnees-covid19/#_,Luxembourg,"Johnson&Johnson, Moderna, Oxford/AstraZeneca, Pfizer/BioNTech"
2021-04-29,140487,,2,191507,https://data.public.lu/en/datasets/donnees-covid19/#_,Luxembourg,"Johnson&Johnson, Moderna, Oxford/AstraZeneca, Pfizer/BioNTech"
2021-04-30,144374,,2,196259,https://data.public.lu/en/datasets/donnees-covid19/#_,Luxembourg,"Johnson&Johnson, Moderna, Oxford/AstraZeneca, Pfizer/BioNTech"
2021-05-01,148443,,2,200643,https://data.public.lu/en/datasets/donnees-covid19/#_,Luxembourg,"Johnson&Johnson, Moderna, Oxford/AstraZeneca, Pfizer/BioNTech"
2021-05-03,152141,,2,206797,https://data.public.lu/en/datasets/donnees-covid19/#_,Luxembourg,"Johnson&Johnson, Moderna, Oxford/AstraZeneca, Pfizer/BioNTech"
2021-05-04,155885,,2,213327,https://data.public.lu/en/datasets/donnees-covid19/#_,Luxembourg,"Johnson&Johnson, Moderna, Oxford/AstraZeneca, Pfizer/BioNTech"
2021-05-05,160416,,2,220343,https://data.public.lu/en/datasets/donnees-covid19/#_,Luxembourg,"Johnson&Johnson, Moderna, Oxford/AstraZeneca, Pfizer/BioNTech"
2021-05-06,165364,,2,227410,https://data.public.lu/en/datasets/donnees-covid19/#_,Luxembourg,"Johnson&Johnson, Moderna, Oxford/AstraZeneca, Pfizer/BioNTech"
2021-05-07,169637,,2,234414,https://data.public.lu/en/datasets/donnees-covid19/#_,Luxembourg,"Johnson&Johnson, Moderna, Oxford/AstraZeneca, Pfizer/BioNTech"
2021-05-08,175116,,2,241371,https://data.public.lu/en/datasets/donnees-covid19/#_,Luxembourg,"Johnson&Johnson, Moderna, Oxford/AstraZeneca, Pfizer/BioNTech"
2021-05-10,179424,,2,248597,https://data.public.lu/en/datasets/donnees-covid19/#_,Luxembourg,"Johnson&Johnson, Moderna, Oxford/AstraZeneca, Pfizer/BioNTech"
2021-05-11,183277,,2,255785,https://data.public.lu/en/datasets/donnees-covid19/#_,Luxembourg,"Johnson&Johnson, Moderna, Oxford/AstraZeneca, Pfizer/BioNTech"
2021-05-12,187607,,2,263003,https://data.public.lu/en/datasets/donnees-covid19/#_,Luxembourg,"Johnson&Johnson, Moderna, Oxford/AstraZeneca, Pfizer/BioNTech"
2021-05-13,191713,,2,269990,https://data.public.lu/en/datasets/donnees-covid19/#_,Luxembourg,"Johnson&Johnson, Moderna, Oxford/AstraZeneca, Pfizer/BioNTech"
2021-05-14,196016,,2,277484,https://data.public.lu/en/datasets/donnees-covid19/#_,Luxembourg,"Johnson&Johnson, Moderna, Oxford/AstraZeneca, Pfizer/BioNTech"
2021-05-15,199569,,2,285023,https://data.public.lu/en/datasets/donnees-covid19/#_,Luxembourg,"Johnson&Johnson, Moderna, Oxford/AstraZeneca, Pfizer/BioNTech"
2021-05-17,204855,,2,291616,https://data.public.lu/en/datasets/donnees-covid19/#_,Luxembourg,"Johnson&Johnson, Moderna, Oxford/AstraZeneca, Pfizer/BioNTech"
2021-05-18,209477,,2,297461,https://data.public.lu/en/datasets/donnees-covid19/#_,Luxembourg,"Johnson&Johnson, Moderna, Oxford/AstraZeneca, Pfizer/BioNTech"
2021-05-19,213273,,2,304175,https://data.public.lu/en/datasets/donnees-covid19/#_,Luxembourg,"Johnson&Johnson, Moderna, Oxford/AstraZeneca, Pfizer/BioNTech"
2021-05-20,216012,,2,309745,https://data.public.lu/en/datasets/donnees-covid19/#_,Luxembourg,"Johnson&Johnson, Moderna, Oxford/AstraZeneca, Pfizer/BioNTech"
2021-05-21,218446,,2,315278,https://data.public.lu/en/datasets/donnees-covid19/#_,Luxembourg,"Johnson&Johnson, Moderna, Oxford/AstraZeneca, Pfizer/BioNTech"
2021-05-22,220996,,2,320002,https://data.public.lu/en/datasets/donnees-covid19/#_,Luxembourg,"Johnson&Johnson, Moderna, Oxford/AstraZeneca, Pfizer/BioNTech"
2021-05-24,222097,,2,322870,https://data.public.lu/en/datasets/donnees-covid19/#_,Luxembourg,"Johnson&Johnson, Moderna, Oxford/AstraZeneca, Pfizer/BioNTech"
2021-05-25,223355,,2,325020,https://data.public.lu/en/datasets/donnees-covid19/#_,Luxembourg,"Johnson&Johnson, Moderna, Oxford/AstraZeneca, Pfizer/BioNTech"
2021-05-26,224138,,2,329506,https://data.public.lu/en/datasets/donnees-covid19/#_,Luxembourg,"Johnson&Johnson, Moderna, Oxford/AstraZeneca, Pfizer/BioNTech"
2021-05-27,225531,,3,334884,https://data.public.lu/en/datasets/donnees-covid19/#_,Luxembourg,"Johnson&Johnson, Moderna, Oxford/AstraZeneca, Pfizer/BioNTech"
2021-05-28,226760,,3,340251,https://data.public.lu/en/datasets/donnees-covid19/#_,Luxembourg,"Johnson&Johnson, Moderna, Oxford/AstraZeneca, Pfizer/BioNTech"
2021-05-29,227996,,3,345690,https://data.public.lu/en/datasets/donnees-covid19/#_,Luxembourg,"Johnson&Johnson, Moderna, Oxford/AstraZeneca, Pfizer/BioNTech"
2021-05-31,229685,,3,351171,https://data.public.lu/en/datasets/donnees-covid19/#_,Luxembourg,"Johnson&Johnson, Moderna, Oxford/AstraZeneca, Pfizer/BioNTech"
2021-06-01,232356,,3,356439,https://data.public.lu/en/datasets/donnees-covid19/#_,Luxembourg,"Johnson&Johnson, Moderna, Oxford/AstraZeneca, Pfizer/BioNTech"
2021-06-02,237688,,4,365037,https://data.public.lu/en/datasets/donnees-covid19/#_,Luxembourg,"Johnson&Johnson, Moderna, Oxford/AstraZeneca, Pfizer/BioNTech"
2021-06-03,242344,,4,373612,https://data.public.lu/en/datasets/donnees-covid19/#_,Luxembourg,"Johnson&Johnson, Moderna, Oxford/AstraZeneca, Pfizer/BioNTech"
2021-06-04,247071,,4,382164,https://data.public.lu/en/datasets/donnees-covid19/#_,Luxembourg,"Johnson&Johnson, Moderna, Oxford/AstraZeneca, Pfizer/BioNTech"
2021-06-05,250750,,4,389634,https://data.public.lu/en/datasets/donnees-covid19/#_,Luxembourg,"Johnson&Johnson, Moderna, Oxford/AstraZeneca, Pfizer/BioNTech"
2021-06-07,254111,,4,398207,https://data.public.lu/en/datasets/donnees-covid19/#_,Luxembourg,"Johnson&Johnson, Moderna, Oxford/AstraZeneca, Pfizer/BioNTech"
2021-06-08,257894,,4,406701,https://data.public.lu/en/datasets/donnees-covid19/#_,Luxembourg,"Johnson&Johnson, Moderna, Oxford/AstraZeneca, Pfizer/BioNTech"
2021-06-09,260606,,4,414506,https://data.public.lu/en/datasets/donnees-covid19/#_,Luxembourg,"Johnson&Johnson, Moderna, Oxford/AstraZeneca, Pfizer/BioNTech"
2021-06-10,263285,,4,423211,https://data.public.lu/en/datasets/donnees-covid19/#_,Luxembourg,"Johnson&Johnson, Moderna, Oxford/AstraZeneca, Pfizer/BioNTech"
2021-06-11,265714,,5,431642,https://data.public.lu/en/datasets/donnees-covid19/#_,Luxembourg,"Johnson&Johnson, Moderna, Oxford/AstraZeneca, Pfizer/BioNTech"
2021-06-12,268176,,5,439785,https://data.public.lu/en/datasets/donnees-covid19/#_,Luxembourg,"Johnson&Johnson, Moderna, Oxford/AstraZeneca, Pfizer/BioNTech"
2021-06-14,270830,,5,446719,https://data.public.lu/en/datasets/donnees-covid19/#_,Luxembourg,"Johnson&Johnson, Moderna, Oxford/AstraZeneca, Pfizer/BioNTech"
2021-06-15,273070,,5,452730,https://data.public.lu/en/datasets/donnees-covid19/#_,Luxembourg,"Johnson&Johnson, Moderna, Oxford/AstraZeneca, Pfizer/BioNTech"
2021-06-16,278065,,5,460705,https://data.public.lu/en/datasets/donnees-covid19/#_,Luxembourg,"Johnson&Johnson, Moderna, Oxford/AstraZeneca, Pfizer/BioNTech"
2021-06-17,283302,,5,468498,https://data.public.lu/en/datasets/donnees-covid19/#_,Luxembourg,"Johnson&Johnson, Moderna, Oxford/AstraZeneca, Pfizer/BioNTech"
2021-06-18,287995,,5,475030,https://data.public.lu/en/datasets/donnees-covid19/#_,Luxembourg,"Johnson&Johnson, Moderna, Oxford/AstraZeneca, Pfizer/BioNTech"
2021-06-19,293313,,6,483667,https://data.public.lu/en/datasets/donnees-covid19/#_,Luxembourg,"Johnson&Johnson, Moderna, Oxford/AstraZeneca, Pfizer/BioNTech"
2021-06-21,299315,,6,491862,https://data.public.lu/en/datasets/donnees-covid19/#_,Luxembourg,"Johnson&Johnson, Moderna, Oxford/AstraZeneca, Pfizer/BioNTech"
2021-06-22,305556,,6,499677,https://data.public.lu/en/datasets/donnees-covid19/#_,Luxembourg,"Johnson&Johnson, Moderna, Oxford/AstraZeneca, Pfizer/BioNTech"
2021-06-23,311259,,6,506132,https://data.public.lu/en/datasets/donnees-covid19/#_,Luxembourg,"Johnson&Johnson, Moderna, Oxford/AstraZeneca, Pfizer/BioNTech"
2021-06-24,316503,,7,512728,https://data.public.lu/en/datasets/donnees-covid19/#_,Luxembourg,"Johnson&Johnson, Moderna, Oxford/AstraZeneca, Pfizer/BioNTech"
2021-06-25,322530,,7,520016,https://data.public.lu/en/datasets/donnees-covid19/#_,Luxembourg,"Johnson&Johnson, Moderna, Oxford/AstraZeneca, Pfizer/BioNTech"
2021-06-26,328930,,7,527740,https://data.public.lu/en/datasets/donnees-covid19/#_,Luxembourg,"Johnson&Johnson, Moderna, Oxford/AstraZeneca, Pfizer/BioNTech"
2021-06-28,334973,,7,535019,https://data.public.lu/en/datasets/donnees-covid19/#_,Luxembourg,"Johnson&Johnson, Moderna, Oxford/AstraZeneca, Pfizer/BioNTech"
2021-06-29,338798,,8,542940,https://data.public.lu/en/datasets/donnees-covid19/#_,Luxembourg,"Johnson&Johnson, Moderna, Oxford/AstraZeneca, Pfizer/BioNTech"
2021-06-30,341024,,8,551875,https://data.public.lu/en/datasets/donnees-covid19/#_,Luxembourg,"Johnson&Johnson, Moderna, Oxford/AstraZeneca, Pfizer/BioNTech"
2021-07-01,343705,,8,560673,https://data.public.lu/en/datasets/donnees-covid19/#_,Luxembourg,"Johnson&Johnson, Moderna, Oxford/AstraZeneca, Pfizer/BioNTech"
2021-07-02,346623,,8,569291,https://data.public.lu/en/datasets/donnees-covid19/#_,Luxembourg,"Johnson&Johnson, Moderna, Oxford/AstraZeneca, Pfizer/BioNTech"
2021-07-03,350880,,8,577770,https://data.public.lu/en/datasets/donnees-covid19/#_,Luxembourg,"Johnson&Johnson, Moderna, Oxford/AstraZeneca, Pfizer/BioNTech"
2021-07-05,354920,,8,585578,https://data.public.lu/en/datasets/donnees-covid19/#_,Luxembourg,"Johnson&Johnson, Moderna, Oxford/AstraZeneca, Pfizer/BioNTech"
2021-07-06,358792,,8,593083,https://data.public.lu/en/datasets/donnees-covid19/#_,Luxembourg,"Johnson&Johnson, Moderna, Oxford/AstraZeneca, Pfizer/BioNTech"
2021-07-07,362299,,8,599249,https://data.public.lu/en/datasets/donnees-covid19/#_,Luxembourg,"Johnson&Johnson, Moderna, Oxford/AstraZeneca, Pfizer/BioNTech"
2021-07-08,365397,,8,604169,https://data.public.lu/en/datasets/donnees-covid19/#_,Luxembourg,"Johnson&Johnson, Moderna, Oxford/AstraZeneca, Pfizer/BioNTech"
2021-07-09,368163,,8,609203,https://data.public.lu/en/datasets/donnees-covid19/#_,Luxembourg,"Johnson&Johnson, Moderna, Oxford/AstraZeneca, Pfizer/BioNTech"
2021-07-10,371571,,8,614845,https://data.public.lu/en/datasets/donnees-covid19/#_,Luxembourg,"Johnson&Johnson, Moderna, Oxford/AstraZeneca, Pfizer/BioNTech"
2021-07-11,371571,,8,614846,https://data.public.lu/en/datasets/donnees-covid19/#_,Luxembourg,"Johnson&Johnson, Moderna, Oxford/AstraZeneca, Pfizer/BioNTech"
2021-07-12,374446,,8,621084,https://data.public.lu/en/datasets/donnees-covid19/#_,Luxembourg,"Johnson&Johnson, Moderna, Oxford/AstraZeneca, Pfizer/BioNTech"
2021-07-13,377073,,9,626204,https://data.public.lu/en/datasets/donnees-covid19/#_,Luxembourg,"Johnson&Johnson, Moderna, Oxford/AstraZeneca, Pfizer/BioNTech"
2021-07-14,379517,,9,633795,https://data.public.lu/en/datasets/donnees-covid19/#_,Luxembourg,"Johnson&Johnson, Moderna, Oxford/AstraZeneca, Pfizer/BioNTech"
2021-07-15,381125,,9,640341,https://data.public.lu/en/datasets/donnees-covid19/#_,Luxembourg,"Johnson&Johnson, Moderna, Oxford/AstraZeneca, Pfizer/BioNTech"
2021-07-16,382864,,9,646596,https://data.public.lu/en/datasets/donnees-covid19/#_,Luxembourg,"Johnson&Johnson, Moderna, Oxford/AstraZeneca, Pfizer/BioNTech"
2021-07-17,385030,,9,653240,https://data.public.lu/en/datasets/donnees-covid19/#_,Luxembourg,"Johnson&Johnson, Moderna, Oxford/AstraZeneca, Pfizer/BioNTech"
2021-07-19,386195,,10,659205,https://data.public.lu/en/datasets/donnees-covid19/#_,Luxembourg,"Johnson&Johnson, Moderna, Oxford/AstraZeneca, Pfizer/BioNTech"
2021-07-20,387010,,10,664539,https://data.public.lu/en/datasets/donnees-covid19/#_,Luxembourg,"Johnson&Johnson, Moderna, Oxford/AstraZeneca, Pfizer/BioNTech"
2021-07-21,387596,,10,668939,https://data.public.lu/en/datasets/donnees-covid19/#_,Luxembourg,"Johnson&Johnson, Moderna, Oxford/AstraZeneca, Pfizer/BioNTech"
2021-07-22,388217,,10,673277,https://data.public.lu/en/datasets/donnees-covid19/#_,Luxembourg,"Johnson&Johnson, Moderna, Oxford/AstraZeneca, Pfizer/BioNTech"
2021-07-23,388965,,23,678433,https://data.public.lu/en/datasets/donnees-covid19/#_,Luxembourg,"Johnson&Johnson, Moderna, Oxford/AstraZeneca, Pfizer/BioNTech"
2021-07-24,389860,,25,683934,https://data.public.lu/en/datasets/donnees-covid19/#_,Luxembourg,"Johnson&Johnson, Moderna, Oxford/AstraZeneca, Pfizer/BioNTech"
2021-07-26,390629,,40,690027,https://data.public.lu/en/datasets/donnees-covid19/#_,Luxembourg,"Johnson&Johnson, Moderna, Oxford/AstraZeneca, Pfizer/BioNTech"
2021-07-27,391098,,61,695066,https://data.public.lu/en/datasets/donnees-covid19/#_,Luxembourg,"Johnson&Johnson, Moderna, Oxford/AstraZeneca, Pfizer/BioNTech"
2021-07-28,391770,,84,698506,https://data.public.lu/en/datasets/donnees-covid19/#_,Luxembourg,"Johnson&Johnson, Moderna, Oxford/AstraZeneca, Pfizer/BioNTech"
2021-07-29,392430,,91,702283,https://data.public.lu/en/datasets/donnees-covid19/#_,Luxembourg,"Johnson&Johnson, Moderna, Oxford/AstraZeneca, Pfizer/BioNTech"
2021-07-30,393071,,107,706037,https://data.public.lu/en/datasets/donnees-covid19/#_,Luxembourg,"Johnson&Johnson, Moderna, Oxford/AstraZeneca, Pfizer/BioNTech"
2021-07-31,393740,,117,710723,https://data.public.lu/en/datasets/donnees-covid19/#_,Luxembourg,"Johnson&Johnson, Moderna, Oxford/AstraZeneca, Pfizer/BioNTech"
2021-08-02,394337,,130,715377,https://data.public.lu/en/datasets/donnees-covid19/#_,Luxembourg,"Johnson&Johnson, Moderna, Oxford/AstraZeneca, Pfizer/BioNTech"
2021-08-03,394866,,156,719748,https://data.public.lu/en/datasets/donnees-covid19/#_,Luxembourg,"Johnson&Johnson, Moderna, Oxford/AstraZeneca, Pfizer/BioNTech"
2021-08-04,395328,,171,723332,https://data.public.lu/en/datasets/donnees-covid19/#_,Luxembourg,"Johnson&Johnson, Moderna, Oxford/AstraZeneca, Pfizer/BioNTech"
2021-08-05,395831,,190,726529,https://data.public.lu/en/datasets/donnees-covid19/#_,Luxembourg,"Johnson&Johnson, Moderna, Oxford/AstraZeneca, Pfizer/BioNTech"
2021-08-06,396404,,207,729617,https://data.public.lu/en/datasets/donnees-covid19/#_,Luxembourg,"Johnson&Johnson, Moderna, Oxford/AstraZeneca, Pfizer/BioNTech"
2021-08-07,397080,,228,733129,https://data.public.lu/en/datasets/donnees-covid19/#_,Luxembourg,"Johnson&Johnson, Moderna, Oxford/AstraZeneca, Pfizer/BioNTech"
2021-08-08,397119,,228,733168,https://data.public.lu/en/datasets/donnees-covid19/#_,Luxembourg,"Johnson&Johnson, Moderna, Oxford/AstraZeneca, Pfizer/BioNTech"
2021-08-09,397578,,243,736007,https://data.public.lu/en/datasets/donnees-covid19/#_,Luxembourg,"Johnson&Johnson, Moderna, Oxford/AstraZeneca, Pfizer/BioNTech"
2021-08-10,397993,,255,738402,https://data.public.lu/en/datasets/donnees-covid19/#_,Luxembourg,"Johnson&Johnson, Moderna, Oxford/AstraZeneca, Pfizer/BioNTech"
2021-08-11,398473,,274,740605,https://data.public.lu/en/datasets/donnees-covid19/#_,Luxembourg,"Johnson&Johnson, Moderna, Oxford/AstraZeneca, Pfizer/BioNTech"
2021-08-12,398924,,286,742326,https://data.public.lu/en/datasets/donnees-covid19/#_,Luxembourg,"Johnson&Johnson, Moderna, Oxford/AstraZeneca, Pfizer/BioNTech"
2021-08-13,399376,,300,744142,https://data.public.lu/en/datasets/donnees-covid19/#_,Luxembourg,"Johnson&Johnson, Moderna, Oxford/AstraZeneca, Pfizer/BioNTech"
2021-08-14,399829,,309,746215,https://data.public.lu/en/datasets/donnees-covid19/#_,Luxembourg,"Johnson&Johnson, Moderna, Oxford/AstraZeneca, Pfizer/BioNTech"
2021-08-16,400164,,315,747755,https://data.public.lu/en/datasets/donnees-covid19/#_,Luxembourg,"Johnson&Johnson, Moderna, Oxford/AstraZeneca, Pfizer/BioNTech"
2021-08-17,400759,,326,749224,https://data.public.lu/en/datasets/donnees-covid19/#_,Luxembourg,"Johnson&Johnson, Moderna, Oxford/AstraZeneca, Pfizer/BioNTech"
2021-08-18,401382,,334,750455,https://data.public.lu/en/datasets/donnees-covid19/#_,Luxembourg,"Johnson&Johnson, Moderna, Oxford/AstraZeneca, Pfizer/BioNTech"
2021-08-19,402017,,342,751723,https://data.public.lu/en/datasets/donnees-covid19/#_,Luxembourg,"Johnson&Johnson, Moderna, Oxford/AstraZeneca, Pfizer/BioNTech"
2021-08-20,402631,,351,753011,https://data.public.lu/en/datasets/donnees-covid19/#_,Luxembourg,"Johnson&Johnson, Moderna, Oxford/AstraZeneca, Pfizer/BioNTech"
2021-08-21,403084,,360,754273,https://data.public.lu/en/datasets/donnees-covid19/#_,Luxembourg,"Johnson&Johnson, Moderna, Oxford/AstraZeneca, Pfizer/BioNTech"
2021-08-22,403184,,360,754379,https://data.public.lu/en/datasets/donnees-covid19/#_,Luxembourg,"Johnson&Johnson, Moderna, Oxford/AstraZeneca, Pfizer/BioNTech"
2021-08-23,403444,,364,755419,https://data.public.lu/en/datasets/donnees-covid19/#_,Luxembourg,"Johnson&Johnson, Moderna, Oxford/AstraZeneca, Pfizer/BioNTech"
2021-08-24,404085,,375,756749,https://data.public.lu/en/datasets/donnees-covid19/#_,Luxembourg,"Johnson&Johnson, Moderna, Oxford/AstraZeneca, Pfizer/BioNTech"
2021-08-25,404579,,390,757890,https://data.public.lu/en/datasets/donnees-covid19/#_,Luxembourg,"Johnson&Johnson, Moderna, Oxford/AstraZeneca, Pfizer/BioNTech"
2021-08-26,405019,,393,758915,https://data.public.lu/en/datasets/donnees-covid19/#_,Luxembourg,"Johnson&Johnson, Moderna, Oxford/AstraZeneca, Pfizer/BioNTech"
2021-08-27,405617,,398,760231,https://data.public.lu/en/datasets/donnees-covid19/#_,Luxembourg,"Johnson&Johnson, Moderna, Oxford/AstraZeneca, Pfizer/BioNTech"
2021-08-28,406121,,400,761344,https://data.public.lu/en/datasets/donnees-covid19/#_,Luxembourg,"Johnson&Johnson, Moderna, Oxford/AstraZeneca, Pfizer/BioNTech"
2021-08-30,406579,,404,762461,https://data.public.lu/en/datasets/donnees-covid19/#_,Luxembourg,"Johnson&Johnson, Moderna, Oxford/AstraZeneca, Pfizer/BioNTech"
2021-08-31,407232,,424,763831,https://data.public.lu/en/datasets/donnees-covid19/#_,Luxembourg,"Johnson&Johnson, Moderna, Oxford/AstraZeneca, Pfizer/BioNTech"
2021-09-01,407704,,439,764868,https://data.public.lu/en/datasets/donnees-covid19/#_,Luxembourg,"Johnson&Johnson, Moderna, Oxford/AstraZeneca, Pfizer/BioNTech"
2021-09-02,408211,,448,765935,https://data.public.lu/en/datasets/donnees-covid19/#_,Luxembourg,"Johnson&Johnson, Moderna, Oxford/AstraZeneca, Pfizer/BioNTech"
2021-09-03,408892,,456,767221,https://data.public.lu/en/datasets/donnees-covid19/#_,Luxembourg,"Johnson&Johnson, Moderna, Oxford/AstraZeneca, Pfizer/BioNTech"
2021-09-04,409302,,461,768078,https://data.public.lu/en/datasets/donnees-covid19/#_,Luxembourg,"Johnson&Johnson, Moderna, Oxford/AstraZeneca, Pfizer/BioNTech"
2021-09-05,409382,,461,768166,https://data.public.lu/en/datasets/donnees-covid19/#_,Luxembourg,"Johnson&Johnson, Moderna, Oxford/AstraZeneca, Pfizer/BioNTech"
2021-09-06,409803,,464,769058,https://data.public.lu/en/datasets/donnees-covid19/#_,Luxembourg,"Johnson&Johnson, Moderna, Oxford/AstraZeneca, Pfizer/BioNTech"
2021-09-07,410458,,485,770216,https://data.public.lu/en/datasets/donnees-covid19/#_,Luxembourg,"Johnson&Johnson, Moderna, Oxford/AstraZeneca, Pfizer/BioNTech"
2021-09-08,410945,,501,771121,https://data.public.lu/en/datasets/donnees-covid19/#_,Luxembourg,"Johnson&Johnson, Moderna, Oxford/AstraZeneca, Pfizer/BioNTech"
2021-09-09,411522,,506,772095,https://data.public.lu/en/datasets/donnees-covid19/#_,Luxembourg,"Johnson&Johnson, Moderna, Oxford/AstraZeneca, Pfizer/BioNTech"
2021-09-10,412195,,516,773244,https://data.public.lu/en/datasets/donnees-covid19/#_,Luxembourg,"Johnson&Johnson, Moderna, Oxford/AstraZeneca, Pfizer/BioNTech"
2021-09-11,412795,,519,774237,https://data.public.lu/en/datasets/donnees-covid19/#_,Luxembourg,"Johnson&Johnson, Moderna, Oxford/AstraZeneca, Pfizer/BioNTech"
2021-09-12,412822,,519,774272,https://data.public.lu/en/datasets/donnees-covid19/#_,Luxembourg,"Johnson&Johnson, Moderna, Oxford/AstraZeneca, Pfizer/BioNTech"
2021-09-13,412883,,522,774351,https://data.public.lu/en/datasets/donnees-covid19/#_,Luxembourg,"Johnson&Johnson, Moderna, Oxford/AstraZeneca, Pfizer/BioNTech"
2021-09-14,413685,,536,775928,https://data.public.lu/en/datasets/donnees-covid19/#_,Luxembourg,"Johnson&Johnson, Moderna, Oxford/AstraZeneca, Pfizer/BioNTech"
2021-09-15,414163,,547,776870,https://data.public.lu/en/datasets/donnees-covid19/#_,Luxembourg,"Johnson&Johnson, Moderna, Oxford/AstraZeneca, Pfizer/BioNTech"
2021-09-16,414563,,556,777782,https://data.public.lu/en/datasets/donnees-covid19/#_,Luxembourg,"Johnson&Johnson, Moderna, Oxford/AstraZeneca, Pfizer/BioNTech"
2021-09-17,415285,,572,779142,https://data.public.lu/en/datasets/donnees-covid19/#_,Luxembourg,"Johnson&Johnson, Moderna, Oxford/AstraZeneca, Pfizer/BioNTech"
2021-09-18,415584,,578,779513,https://data.public.lu/en/datasets/donnees-covid19/#_,Luxembourg,"Johnson&Johnson, Moderna, Oxford/AstraZeneca, Pfizer/BioNTech"
2021-09-19,415685,,581,779631,https://data.public.lu/en/datasets/donnees-covid19/#_,Luxembourg,"Johnson&Johnson, Moderna, Oxford/AstraZeneca, Pfizer/BioNTech"
2021-09-20,415794,,584,779766,https://data.public.lu/en/datasets/donnees-covid19/#_,Luxembourg,"Johnson&Johnson, Moderna, Oxford/AstraZeneca, Pfizer/BioNTech"
2021-09-21,416338,,594,781107,https://data.public.lu/en/datasets/donnees-covid19/#_,Luxembourg,"Johnson&Johnson, Moderna, Oxford/AstraZeneca, Pfizer/BioNTech"
2021-09-22,416685,,601,781848,https://data.public.lu/en/datasets/donnees-covid19/#_,Luxembourg,"Johnson&Johnson, Moderna, Oxford/AstraZeneca, Pfizer/BioNTech"
2021-09-23,417023,,611,782550,https://data.public.lu/en/datasets/donnees-covid19/#_,Luxembourg,"Johnson&Johnson, Moderna, Oxford/AstraZeneca, Pfizer/BioNTech"
2021-09-24,417474,,626,783540,https://data.public.lu/en/datasets/donnees-covid19/#_,Luxembourg,"Johnson&Johnson, Moderna, Oxford/AstraZeneca, Pfizer/BioNTech"
2021-09-25,417867,,641,784466,https://data.public.lu/en/datasets/donnees-covid19/#_,Luxembourg,"Johnson&Johnson, Moderna, Oxford/AstraZeneca, Pfizer/BioNTech"
2021-09-26,417944,,641,784547,https://data.public.lu/en/datasets/donnees-covid19/#_,Luxembourg,"Johnson&Johnson, Moderna, Oxford/AstraZeneca, Pfizer/BioNTech"
2021-09-27,418032,,1237,785257,https://data.public.lu/en/datasets/donnees-covid19/#_,Luxembourg,"Johnson&Johnson, Moderna, Oxford/AstraZeneca, Pfizer/BioNTech"
2021-09-28,418490,,2131,787465,https://data.public.lu/en/datasets/donnees-covid19/#_,Luxembourg,"Johnson&Johnson, Moderna, Oxford/AstraZeneca, Pfizer/BioNTech"
2021-09-29,418772,,2877,788860,https://data.public.lu/en/datasets/donnees-covid19/#_,Luxembourg,"Johnson&Johnson, Moderna, Oxford/AstraZeneca, Pfizer/BioNTech"
2021-09-30,419054,,3668,790314,https://data.public.lu/en/datasets/donnees-covid19/#_,Luxembourg,"Johnson&Johnson, Moderna, Oxford/AstraZeneca, Pfizer/BioNTech"
2021-10-01,419384,,4709,792273,https://data.public.lu/en/datasets/donnees-covid19/#_,Luxembourg,"Johnson&Johnson, Moderna, Oxford/AstraZeneca, Pfizer/BioNTech"
2021-10-02,419778,,4751,793145,https://data.public.lu/en/datasets/donnees-covid19/#_,Luxembourg,"Johnson&Johnson, Moderna, Oxford/AstraZeneca, Pfizer/BioNTech"
2021-10-03,419803,,4770,793197,https://data.public.lu/en/datasets/donnees-covid19/#_,Luxembourg,"Johnson&Johnson, Moderna, Oxford/AstraZeneca, Pfizer/BioNTech"
2021-10-04,419831,,5238,793718,https://data.public.lu/en/datasets/donnees-covid19/#_,Luxembourg,"Johnson&Johnson, Moderna, Oxford/AstraZeneca, Pfizer/BioNTech"
2021-10-05,420246,,5411,795133,https://data.public.lu/en/datasets/donnees-covid19/#_,Luxembourg,"Johnson&Johnson, Moderna, Oxford/AstraZeneca, Pfizer/BioNTech"
2021-10-06,420466,,5532,795847,https://data.public.lu/en/datasets/donnees-covid19/#_,Luxembourg,"Johnson&Johnson, Moderna, Oxford/AstraZeneca, Pfizer/BioNTech"
2021-10-07,420709,,5748,796692,https://data.public.lu/en/datasets/donnees-covid19/#_,Luxembourg,"Johnson&Johnson, Moderna, Oxford/AstraZeneca, Pfizer/BioNTech"
2021-10-08,421285,,5955,798054,https://data.public.lu/en/datasets/donnees-covid19/#_,Luxembourg,"Johnson&Johnson, Moderna, Oxford/AstraZeneca, Pfizer/BioNTech"
2021-10-09,421682,,6048,799028,https://data.public.lu/en/datasets/donnees-covid19/#_,Luxembourg,"Johnson&Johnson, Moderna, Oxford/AstraZeneca, Pfizer/BioNTech"
2021-10-10,421685,,6051,799034,https://data.public.lu/en/datasets/donnees-covid19/#_,Luxembourg,"Johnson&Johnson, Moderna, Oxford/AstraZeneca, Pfizer/BioNTech"
2021-10-11,421709,,6069,799117,https://data.public.lu/en/datasets/donnees-covid19/#_,Luxembourg,"Johnson&Johnson, Moderna, Oxford/AstraZeneca, Pfizer/BioNTech"
2021-10-12,422392,,6495,800894,https://data.public.lu/en/datasets/donnees-covid19/#_,Luxembourg,"Johnson&Johnson, Moderna, Oxford/AstraZeneca, Pfizer/BioNTech"
2021-10-13,422837,,6763,801977,https://data.public.lu/en/datasets/donnees-covid19/#_,Luxembourg,"Johnson&Johnson, Moderna, Oxford/AstraZeneca, Pfizer/BioNTech"
2021-10-14,423315,,7168,803209,https://data.public.lu/en/datasets/donnees-covid19/#_,Luxembourg,"Johnson&Johnson, Moderna, Oxford/AstraZeneca, Pfizer/BioNTech"
2021-10-15,423769,,7553,804633,https://data.public.lu/en/datasets/donnees-covid19/#_,Luxembourg,"Johnson&Johnson, Moderna, Oxford/AstraZeneca, Pfizer/BioNTech"
2021-10-16,424649,,7865,806023,https://data.public.lu/en/datasets/donnees-covid19/#_,Luxembourg,"Johnson&Johnson, Moderna, Oxford/AstraZeneca, Pfizer/BioNTech"
2021-10-18,425570,,8156,807361,https://data.public.lu/en/datasets/donnees-covid19/#_,Luxembourg,"Johnson&Johnson, Moderna, Oxford/AstraZeneca, Pfizer/BioNTech"
2021-10-19,426283,,8777,809147,https://data.public.lu/en/datasets/donnees-covid19/#_,Luxembourg,"Johnson&Johnson, Moderna, Oxford/AstraZeneca, Pfizer/BioNTech"
2021-10-20,427294,,9493,811176,https://data.public.lu/en/datasets/donnees-covid19/#_,Luxembourg,"Johnson&Johnson, Moderna, Oxford/AstraZeneca, Pfizer/BioNTech"
2021-10-21,427969,,10239,812937,https://data.public.lu/en/datasets/donnees-covid19/#_,Luxembourg,"Johnson&Johnson, Moderna, Oxford/AstraZeneca, Pfizer/BioNTech"
2021-10-22,428853,,11298,815299,https://data.public.lu/en/datasets/donnees-covid19/#_,Luxembourg,"Johnson&Johnson, Moderna, Oxford/AstraZeneca, Pfizer/BioNTech"
2021-10-23,429384,,11689,816562,https://data.public.lu/en/datasets/donnees-covid19/#_,Luxembourg,"Johnson&Johnson, Moderna, Oxford/AstraZeneca, Pfizer/BioNTech"
2021-10-24,429386,,11707,816594,https://data.public.lu/en/datasets/donnees-covid19/#_,Luxembourg,"Johnson&Johnson, Moderna, Oxford/AstraZeneca, Pfizer/BioNTech"
2021-10-25,430167,,12298,818094,https://data.public.lu/en/datasets/donnees-covid19/#_,Luxembourg,"Johnson&Johnson, Moderna, Oxford/AstraZeneca, Pfizer/BioNTech"
2021-10-26,431010,,14245,821289,https://data.public.lu/en/datasets/donnees-covid19/#_,Luxembourg,"Johnson&Johnson, Moderna, Oxford/AstraZeneca, Pfizer/BioNTech"
2021-10-27,431786,,16304,824369,https://data.public.lu/en/datasets/donnees-covid19/#_,Luxembourg,"Johnson&Johnson, Moderna, Oxford/AstraZeneca, Pfizer/BioNTech"
2021-10-28,432603,,18005,827165,https://data.public.lu/en/datasets/donnees-covid19/#_,Luxembourg,"Johnson&Johnson, Moderna, Oxford/AstraZeneca, Pfizer/BioNTech"
2021-10-29,433460,,20004,830287,https://data.public.lu/en/datasets/donnees-covid19/#_,Luxembourg,"Johnson&Johnson, Moderna, Oxford/AstraZeneca, Pfizer/BioNTech"
2021-10-30,434123,,21126,832340,https://data.public.lu/en/datasets/donnees-covid19/#_,Luxembourg,"Johnson&Johnson, Moderna, Oxford/AstraZeneca, Pfizer/BioNTech"
2021-11-01,434123,,21132,832346,https://data.public.lu/en/datasets/donnees-covid19/#_,Luxembourg,"Johnson&Johnson, Moderna, Oxford/AstraZeneca, Pfizer/BioNTech"
2021-11-02,435110,,23314,835924,https://data.public.lu/en/datasets/donnees-covid19/#_,Luxembourg,"Johnson&Johnson, Moderna, Oxford/AstraZeneca, Pfizer/BioNTech"
2021-11-03,435869,,25254,838825,https://data.public.lu/en/datasets/donnees-covid19/#_,Luxembourg,"Johnson&Johnson, Moderna, Oxford/AstraZeneca, Pfizer/BioNTech"
2021-11-04,436609,,26981,841508,https://data.public.lu/en/datasets/donnees-covid19/#_,Luxembourg,"Johnson&Johnson, Moderna, Oxford/AstraZeneca, Pfizer/BioNTech"
2021-11-05,437361,,28663,844373,https://data.public.lu/en/datasets/donnees-covid19/#_,Luxembourg,"Johnson&Johnson, Moderna, Oxford/AstraZeneca, Pfizer/BioNTech"
2021-11-06,437852,,29601,846122,https://data.public.lu/en/datasets/donnees-covid19/#_,Luxembourg,"Johnson&Johnson, Moderna, Oxford/AstraZeneca, Pfizer/BioNTech"
2021-11-07,,418437,,,https://download.data.public.lu/resources/covid-19-rapports-journaliers/20211108-170457/coronavirus-rapport-journalier-08112021.pdf,Luxembourg,"Johnson&Johnson, Moderna, Oxford/AstraZeneca, Pfizer/BioNTech"
2021-11-08,438364,,30483,847672,https://data.public.lu/en/datasets/donnees-covid19/#_,Luxembourg,"Johnson&Johnson, Moderna, Oxford/AstraZeneca, Pfizer/BioNTech"
2021-11-09,439093,,32039,850471,https://data.public.lu/en/datasets/donnees-covid19/#_,Luxembourg,"Johnson&Johnson, Moderna, Oxford/AstraZeneca, Pfizer/BioNTech"
2021-11-10,439575,,33426,852650,https://data.public.lu/en/datasets/donnees-covid19/#_,Luxembourg,"Johnson&Johnson, Moderna, Oxford/AstraZeneca, Pfizer/BioNTech"
2021-11-11,440180,,34720,854973,https://data.public.lu/en/datasets/donnees-covid19/#_,Luxembourg,"Johnson&Johnson, Moderna, Oxford/AstraZeneca, Pfizer/BioNTech"
2021-11-12,440807,,36139,857480,https://data.public.lu/en/datasets/donnees-covid19/#_,Luxembourg,"Johnson&Johnson, Moderna, Oxford/AstraZeneca, Pfizer/BioNTech"
2021-11-13,441246,,37115,859540,https://data.public.lu/en/datasets/donnees-covid19/#_,Luxembourg,"Johnson&Johnson, Moderna, Oxford/AstraZeneca, Pfizer/BioNTech"
2021-11-14,441248,,37118,859545,https://data.public.lu/en/datasets/donnees-covid19/#_,Luxembourg,"Johnson&Johnson, Moderna, Oxford/AstraZeneca, Pfizer/BioNTech"
2021-11-15,441757,,38121,861783,https://data.public.lu/en/datasets/donnees-covid19/#_,Luxembourg,"Johnson&Johnson, Moderna, Oxford/AstraZeneca, Pfizer/BioNTech"
2021-11-16,442338,,39611,864492,https://data.public.lu/en/datasets/donnees-covid19/#_,Luxembourg,"Johnson&Johnson, Moderna, Oxford/AstraZeneca, Pfizer/BioNTech"
2021-11-17,442773,,41215,867351,https://data.public.lu/en/datasets/donnees-covid19/#_,Luxembourg,"Johnson&Johnson, Moderna, Oxford/AstraZeneca, Pfizer/BioNTech"
2021-11-18,443228,,43401,870579,https://data.public.lu/en/datasets/donnees-covid19/#_,Luxembourg,"Johnson&Johnson, Moderna, Oxford/AstraZeneca, Pfizer/BioNTech"
2021-11-19,443748,,46516,874908,https://data.public.lu/en/datasets/donnees-covid19/#_,Luxembourg,"Johnson&Johnson, Moderna, Oxford/AstraZeneca, Pfizer/BioNTech"
2021-11-20,444169,,48254,877609,https://data.public.lu/en/datasets/donnees-covid19/#_,Luxembourg,"Johnson&Johnson, Moderna, Oxford/AstraZeneca, Pfizer/BioNTech"
2021-11-21,444171,,48274,877632,https://data.public.lu/en/datasets/donnees-covid19/#_,Luxembourg,"Johnson&Johnson, Moderna, Oxford/AstraZeneca, Pfizer/BioNTech"
