date,total_vaccinations,people_vaccinated,people_fully_vaccinated,total_boosters,vaccine,location,source_url
2020-12-28,336,336,0,0,Pfizer/BioNTech,Belgium,https://epistat.wiv-isp.be/covid/
2020-12-29,371,370,11,0,Pfizer/BioNTech,Belgium,https://epistat.wiv-isp.be/covid/
2020-12-30,885,883,21,0,Pfizer/BioNTech,Belgium,https://epistat.wiv-isp.be/covid/
2020-12-31,922,920,21,0,Pfizer/BioNTech,Belgium,https://epistat.wiv-isp.be/covid/
2021-01-01,935,933,21,0,Pfizer/BioNTech,Belgium,https://epistat.wiv-isp.be/covid/
2021-01-02,955,953,34,0,Pfizer/BioNTech,Belgium,https://epistat.wiv-isp.be/covid/
2021-01-03,978,976,34,0,Pfizer/BioNTech,Belgium,https://epistat.wiv-isp.be/covid/
2021-01-04,1027,1024,42,0,Pfizer/BioNTech,Belgium,https://epistat.wiv-isp.be/covid/
2021-01-05,2796,2791,65,0,Pfizer/BioNTech,Belgium,https://epistat.wiv-isp.be/covid/
2021-01-06,6800,6794,91,0,Pfizer/BioNTech,Belgium,https://epistat.wiv-isp.be/covid/
2021-01-07,15291,15281,108,0,Pfizer/BioNTech,Belgium,https://epistat.wiv-isp.be/covid/
2021-01-08,24709,24694,152,0,Pfizer/BioNTech,Belgium,https://epistat.wiv-isp.be/covid/
2021-01-09,27988,27970,167,0,Pfizer/BioNTech,Belgium,https://epistat.wiv-isp.be/covid/
2021-01-10,28421,28401,169,0,Pfizer/BioNTech,Belgium,https://epistat.wiv-isp.be/covid/
2021-01-11,34144,34115,187,0,"Moderna, Pfizer/BioNTech",Belgium,https://epistat.wiv-isp.be/covid/
2021-01-12,50193,50156,216,0,"Moderna, Pfizer/BioNTech",Belgium,https://epistat.wiv-isp.be/covid/
2021-01-13,72109,71950,355,0,"Moderna, Pfizer/BioNTech",Belgium,https://epistat.wiv-isp.be/covid/
2021-01-14,95642,95469,380,0,"Moderna, Pfizer/BioNTech",Belgium,https://epistat.wiv-isp.be/covid/
2021-01-15,119324,119143,408,0,"Moderna, Pfizer/BioNTech",Belgium,https://epistat.wiv-isp.be/covid/
2021-01-16,124567,124382,422,0,"Moderna, Pfizer/BioNTech",Belgium,https://epistat.wiv-isp.be/covid/
2021-01-17,127851,127645,443,0,"Moderna, Pfizer/BioNTech",Belgium,https://epistat.wiv-isp.be/covid/
2021-01-18,139120,138768,602,0,"Moderna, Pfizer/BioNTech",Belgium,https://epistat.wiv-isp.be/covid/
2021-01-19,158582,158024,841,0,"Moderna, Pfizer/BioNTech",Belgium,https://epistat.wiv-isp.be/covid/
2021-01-20,180291,179274,1327,0,"Moderna, Pfizer/BioNTech",Belgium,https://epistat.wiv-isp.be/covid/
2021-01-21,210664,209614,1384,0,"Moderna, Pfizer/BioNTech",Belgium,https://epistat.wiv-isp.be/covid/
2021-01-22,240875,239778,1467,0,"Moderna, Pfizer/BioNTech",Belgium,https://epistat.wiv-isp.be/covid/
2021-01-23,249390,248284,1488,0,"Moderna, Pfizer/BioNTech",Belgium,https://epistat.wiv-isp.be/covid/
2021-01-24,251328,250196,1514,0,"Moderna, Pfizer/BioNTech",Belgium,https://epistat.wiv-isp.be/covid/
2021-01-25,262790,261634,1561,0,"Moderna, Pfizer/BioNTech",Belgium,https://epistat.wiv-isp.be/covid/
2021-01-26,275753,272819,3360,0,"Moderna, Pfizer/BioNTech",Belgium,https://epistat.wiv-isp.be/covid/
2021-01-27,292589,286200,6854,0,"Moderna, Pfizer/BioNTech",Belgium,https://epistat.wiv-isp.be/covid/
2021-01-28,316612,302284,14824,0,"Moderna, Pfizer/BioNTech",Belgium,https://epistat.wiv-isp.be/covid/
2021-01-29,338390,314860,24060,0,"Moderna, Pfizer/BioNTech",Belgium,https://epistat.wiv-isp.be/covid/
2021-01-30,342954,316502,26994,0,"Moderna, Pfizer/BioNTech",Belgium,https://epistat.wiv-isp.be/covid/
2021-01-31,343941,317138,27345,0,"Moderna, Pfizer/BioNTech",Belgium,https://epistat.wiv-isp.be/covid/
2021-02-01,351921,321142,31338,0,"Moderna, Pfizer/BioNTech",Belgium,https://epistat.wiv-isp.be/covid/
2021-02-02,376692,331448,45832,0,"Moderna, Pfizer/BioNTech",Belgium,https://epistat.wiv-isp.be/covid/
2021-02-03,407815,341731,66695,0,"Moderna, Pfizer/BioNTech",Belgium,https://epistat.wiv-isp.be/covid/
2021-02-04,442378,351800,91211,0,"Moderna, Pfizer/BioNTech",Belgium,https://epistat.wiv-isp.be/covid/
2021-02-05,473613,359947,114337,0,"Moderna, Pfizer/BioNTech",Belgium,https://epistat.wiv-isp.be/covid/
2021-02-06,480200,361187,119697,0,"Moderna, Pfizer/BioNTech",Belgium,https://epistat.wiv-isp.be/covid/
2021-02-07,483637,361520,122802,0,"Moderna, Pfizer/BioNTech",Belgium,https://epistat.wiv-isp.be/covid/
2021-02-08,493944,363908,130739,0,"Moderna, Pfizer/BioNTech",Belgium,https://epistat.wiv-isp.be/covid/
2021-02-09,522105,372153,150678,0,"Moderna, Pfizer/BioNTech",Belgium,https://epistat.wiv-isp.be/covid/
2021-02-10,547960,378740,169975,0,"Moderna, Pfizer/BioNTech",Belgium,https://epistat.wiv-isp.be/covid/
2021-02-11,584758,387034,198495,0,"Moderna, Pfizer/BioNTech",Belgium,https://epistat.wiv-isp.be/covid/
2021-02-12,619946,393851,226905,0,"Moderna, Oxford/AstraZeneca, Pfizer/BioNTech",Belgium,https://epistat.wiv-isp.be/covid/
2021-02-13,628737,394456,235106,0,"Moderna, Oxford/AstraZeneca, Pfizer/BioNTech",Belgium,https://epistat.wiv-isp.be/covid/
2021-02-14,630757,394584,236998,0,"Moderna, Oxford/AstraZeneca, Pfizer/BioNTech",Belgium,https://epistat.wiv-isp.be/covid/
2021-02-15,644657,396673,248822,0,"Moderna, Oxford/AstraZeneca, Pfizer/BioNTech",Belgium,https://epistat.wiv-isp.be/covid/
2021-02-16,659748,401096,259507,0,"Moderna, Oxford/AstraZeneca, Pfizer/BioNTech",Belgium,https://epistat.wiv-isp.be/covid/
2021-02-17,679977,408385,272467,0,"Moderna, Oxford/AstraZeneca, Pfizer/BioNTech",Belgium,https://epistat.wiv-isp.be/covid/
2021-02-18,708083,419055,289910,0,"Moderna, Oxford/AstraZeneca, Pfizer/BioNTech",Belgium,https://epistat.wiv-isp.be/covid/
2021-02-19,739546,437132,303319,0,"Moderna, Oxford/AstraZeneca, Pfizer/BioNTech",Belgium,https://epistat.wiv-isp.be/covid/
2021-02-20,745634,441604,304948,0,"Moderna, Oxford/AstraZeneca, Pfizer/BioNTech",Belgium,https://epistat.wiv-isp.be/covid/
2021-02-21,747871,443547,305243,0,"Moderna, Oxford/AstraZeneca, Pfizer/BioNTech",Belgium,https://epistat.wiv-isp.be/covid/
2021-02-22,760753,453436,308240,0,"Moderna, Oxford/AstraZeneca, Pfizer/BioNTech",Belgium,https://epistat.wiv-isp.be/covid/
2021-02-23,781093,465469,316563,0,"Moderna, Oxford/AstraZeneca, Pfizer/BioNTech",Belgium,https://epistat.wiv-isp.be/covid/
2021-02-24,804515,480434,325037,0,"Moderna, Oxford/AstraZeneca, Pfizer/BioNTech",Belgium,https://epistat.wiv-isp.be/covid/
2021-02-25,836699,503292,334372,0,"Moderna, Oxford/AstraZeneca, Pfizer/BioNTech",Belgium,https://epistat.wiv-isp.be/covid/
2021-02-26,869091,528653,341432,0,"Moderna, Oxford/AstraZeneca, Pfizer/BioNTech",Belgium,https://epistat.wiv-isp.be/covid/
2021-02-27,873584,532300,342292,0,"Moderna, Oxford/AstraZeneca, Pfizer/BioNTech",Belgium,https://epistat.wiv-isp.be/covid/
2021-02-28,874481,532919,342570,0,"Moderna, Oxford/AstraZeneca, Pfizer/BioNTech",Belgium,https://epistat.wiv-isp.be/covid/
2021-03-01,888278,543906,345391,0,"Moderna, Oxford/AstraZeneca, Pfizer/BioNTech",Belgium,https://epistat.wiv-isp.be/covid/
2021-03-02,912231,560909,352360,0,"Moderna, Oxford/AstraZeneca, Pfizer/BioNTech",Belgium,https://epistat.wiv-isp.be/covid/
2021-03-03,942732,585166,358625,0,"Moderna, Oxford/AstraZeneca, Pfizer/BioNTech",Belgium,https://epistat.wiv-isp.be/covid/
2021-03-04,992946,626454,367564,0,"Moderna, Oxford/AstraZeneca, Pfizer/BioNTech",Belgium,https://epistat.wiv-isp.be/covid/
2021-03-05,1038311,664955,374443,0,"Moderna, Oxford/AstraZeneca, Pfizer/BioNTech",Belgium,https://epistat.wiv-isp.be/covid/
2021-03-06,1046738,672725,375117,0,"Moderna, Oxford/AstraZeneca, Pfizer/BioNTech",Belgium,https://epistat.wiv-isp.be/covid/
2021-03-07,1048309,674091,375322,0,"Moderna, Oxford/AstraZeneca, Pfizer/BioNTech",Belgium,https://epistat.wiv-isp.be/covid/
2021-03-08,1065847,689600,377362,0,"Moderna, Oxford/AstraZeneca, Pfizer/BioNTech",Belgium,https://epistat.wiv-isp.be/covid/
2021-03-09,1095063,711298,384901,0,"Moderna, Oxford/AstraZeneca, Pfizer/BioNTech",Belgium,https://epistat.wiv-isp.be/covid/
2021-03-10,1131461,738426,394203,0,"Moderna, Oxford/AstraZeneca, Pfizer/BioNTech",Belgium,https://epistat.wiv-isp.be/covid/
2021-03-11,1186079,782823,404439,0,"Moderna, Oxford/AstraZeneca, Pfizer/BioNTech",Belgium,https://epistat.wiv-isp.be/covid/
2021-03-12,1231504,814431,418289,0,"Moderna, Oxford/AstraZeneca, Pfizer/BioNTech",Belgium,https://epistat.wiv-isp.be/covid/
2021-03-13,1241524,822212,420540,0,"Moderna, Oxford/AstraZeneca, Pfizer/BioNTech",Belgium,https://epistat.wiv-isp.be/covid/
2021-03-14,1243072,822448,421853,0,"Moderna, Oxford/AstraZeneca, Pfizer/BioNTech",Belgium,https://epistat.wiv-isp.be/covid/
2021-03-15,1274073,848712,426593,0,"Moderna, Oxford/AstraZeneca, Pfizer/BioNTech",Belgium,https://epistat.wiv-isp.be/covid/
2021-03-16,1321155,891465,430931,0,"Moderna, Oxford/AstraZeneca, Pfizer/BioNTech",Belgium,https://epistat.wiv-isp.be/covid/
2021-03-17,1369178,930595,439828,0,"Moderna, Oxford/AstraZeneca, Pfizer/BioNTech",Belgium,https://epistat.wiv-isp.be/covid/
2021-03-18,1444896,989377,456767,0,"Moderna, Oxford/AstraZeneca, Pfizer/BioNTech",Belgium,https://epistat.wiv-isp.be/covid/
2021-03-19,1513137,1038543,475848,0,"Moderna, Oxford/AstraZeneca, Pfizer/BioNTech",Belgium,https://epistat.wiv-isp.be/covid/
2021-03-20,1535753,1059579,477435,0,"Moderna, Oxford/AstraZeneca, Pfizer/BioNTech",Belgium,https://epistat.wiv-isp.be/covid/
2021-03-21,1536802,1060087,477981,0,"Moderna, Oxford/AstraZeneca, Pfizer/BioNTech",Belgium,https://epistat.wiv-isp.be/covid/
2021-03-22,1569915,1087742,483440,0,"Moderna, Oxford/AstraZeneca, Pfizer/BioNTech",Belgium,https://epistat.wiv-isp.be/covid/
2021-03-23,1618248,1130197,489321,0,"Moderna, Oxford/AstraZeneca, Pfizer/BioNTech",Belgium,https://epistat.wiv-isp.be/covid/
2021-03-24,1680345,1181579,500042,0,"Moderna, Oxford/AstraZeneca, Pfizer/BioNTech",Belgium,https://epistat.wiv-isp.be/covid/
2021-03-25,1759991,1240982,520290,0,"Moderna, Oxford/AstraZeneca, Pfizer/BioNTech",Belgium,https://epistat.wiv-isp.be/covid/
2021-03-26,1830556,1291630,540212,0,"Moderna, Oxford/AstraZeneca, Pfizer/BioNTech",Belgium,https://epistat.wiv-isp.be/covid/
2021-03-27,1853273,1310507,544059,0,"Moderna, Oxford/AstraZeneca, Pfizer/BioNTech",Belgium,https://epistat.wiv-isp.be/covid/
2021-03-28,1855772,1312018,545048,0,"Moderna, Oxford/AstraZeneca, Pfizer/BioNTech",Belgium,https://epistat.wiv-isp.be/covid/
2021-03-29,1879743,1330632,550408,0,"Moderna, Oxford/AstraZeneca, Pfizer/BioNTech",Belgium,https://epistat.wiv-isp.be/covid/
2021-03-30,1912229,1357287,556245,0,"Moderna, Oxford/AstraZeneca, Pfizer/BioNTech",Belgium,https://epistat.wiv-isp.be/covid/
2021-03-31,1997492,1431089,567717,0,"Moderna, Oxford/AstraZeneca, Pfizer/BioNTech",Belgium,https://epistat.wiv-isp.be/covid/
2021-04-01,2099751,1508308,592798,0,"Moderna, Oxford/AstraZeneca, Pfizer/BioNTech",Belgium,https://epistat.wiv-isp.be/covid/
2021-04-02,2182898,1572711,612033,0,"Moderna, Oxford/AstraZeneca, Pfizer/BioNTech",Belgium,https://epistat.wiv-isp.be/covid/
2021-04-03,2203958,1592338,613512,0,"Moderna, Oxford/AstraZeneca, Pfizer/BioNTech",Belgium,https://epistat.wiv-isp.be/covid/
2021-04-04,2204218,1592470,613649,0,"Moderna, Oxford/AstraZeneca, Pfizer/BioNTech",Belgium,https://epistat.wiv-isp.be/covid/
2021-04-05,2219070,1604795,616206,0,"Moderna, Oxford/AstraZeneca, Pfizer/BioNTech",Belgium,https://epistat.wiv-isp.be/covid/
2021-04-06,2266268,1642731,625543,0,"Moderna, Oxford/AstraZeneca, Pfizer/BioNTech",Belgium,https://epistat.wiv-isp.be/covid/
2021-04-07,2314484,1681081,635538,0,"Moderna, Oxford/AstraZeneca, Pfizer/BioNTech",Belgium,https://epistat.wiv-isp.be/covid/
2021-04-08,2442195,1791800,652589,0,"Moderna, Oxford/AstraZeneca, Pfizer/BioNTech",Belgium,https://epistat.wiv-isp.be/covid/
2021-04-09,2577937,1911553,668691,0,"Moderna, Oxford/AstraZeneca, Pfizer/BioNTech",Belgium,https://epistat.wiv-isp.be/covid/
2021-04-10,2646931,1976435,672869,0,"Moderna, Oxford/AstraZeneca, Pfizer/BioNTech",Belgium,https://epistat.wiv-isp.be/covid/
2021-04-11,2651020,1980122,673287,0,"Moderna, Oxford/AstraZeneca, Pfizer/BioNTech",Belgium,https://epistat.wiv-isp.be/covid/
2021-04-12,2700092,2020051,682478,0,"Moderna, Oxford/AstraZeneca, Pfizer/BioNTech",Belgium,https://epistat.wiv-isp.be/covid/
2021-04-13,2772928,2084412,691036,0,"Moderna, Oxford/AstraZeneca, Pfizer/BioNTech",Belgium,https://epistat.wiv-isp.be/covid/
2021-04-14,2874045,2160744,715825,0,"Moderna, Oxford/AstraZeneca, Pfizer/BioNTech",Belgium,https://epistat.wiv-isp.be/covid/
2021-04-15,2986198,2246082,742643,0,"Moderna, Oxford/AstraZeneca, Pfizer/BioNTech",Belgium,https://epistat.wiv-isp.be/covid/
2021-04-16,3080557,2322982,760104,0,"Moderna, Oxford/AstraZeneca, Pfizer/BioNTech",Belgium,https://epistat.wiv-isp.be/covid/
2021-04-17,3138888,2375437,765981,0,"Moderna, Oxford/AstraZeneca, Pfizer/BioNTech",Belgium,https://epistat.wiv-isp.be/covid/
2021-04-18,3145058,2381471,766117,0,"Moderna, Oxford/AstraZeneca, Pfizer/BioNTech",Belgium,https://epistat.wiv-isp.be/covid/
2021-04-19,3206484,2438389,770627,0,"Moderna, Oxford/AstraZeneca, Pfizer/BioNTech",Belgium,https://epistat.wiv-isp.be/covid/
2021-04-20,3257104,2485653,773986,0,"Moderna, Oxford/AstraZeneca, Pfizer/BioNTech",Belgium,https://epistat.wiv-isp.be/covid/
2021-04-21,3349467,2573299,778706,0,"Moderna, Oxford/AstraZeneca, Pfizer/BioNTech",Belgium,https://epistat.wiv-isp.be/covid/
2021-04-22,3446355,2663992,784904,0,"Moderna, Oxford/AstraZeneca, Pfizer/BioNTech",Belgium,https://epistat.wiv-isp.be/covid/
2021-04-23,3518787,2729065,792266,0,"Moderna, Oxford/AstraZeneca, Pfizer/BioNTech",Belgium,https://epistat.wiv-isp.be/covid/
2021-04-24,3565341,2773741,794164,0,"Moderna, Oxford/AstraZeneca, Pfizer/BioNTech",Belgium,https://epistat.wiv-isp.be/covid/
2021-04-25,3571777,2780108,794236,0,"Moderna, Oxford/AstraZeneca, Pfizer/BioNTech",Belgium,https://epistat.wiv-isp.be/covid/
2021-04-26,3635463,2836659,801377,0,"Moderna, Oxford/AstraZeneca, Pfizer/BioNTech",Belgium,https://epistat.wiv-isp.be/covid/
2021-04-27,3688853,2875287,816168,0,"Moderna, Oxford/AstraZeneca, Pfizer/BioNTech",Belgium,https://epistat.wiv-isp.be/covid/
2021-04-28,3783925,2955026,831622,0,"Johnson&Johnson, Moderna, Oxford/AstraZeneca, Pfizer/BioNTech",Belgium,https://epistat.wiv-isp.be/covid/
2021-04-29,3890717,3043141,851694,0,"Johnson&Johnson, Moderna, Oxford/AstraZeneca, Pfizer/BioNTech",Belgium,https://epistat.wiv-isp.be/covid/
2021-04-30,3973422,3103867,874668,0,"Johnson&Johnson, Moderna, Oxford/AstraZeneca, Pfizer/BioNTech",Belgium,https://epistat.wiv-isp.be/covid/
2021-05-01,4020988,3143790,882836,0,"Johnson&Johnson, Moderna, Oxford/AstraZeneca, Pfizer/BioNTech",Belgium,https://epistat.wiv-isp.be/covid/
2021-05-02,4024770,3147404,883028,0,"Johnson&Johnson, Moderna, Oxford/AstraZeneca, Pfizer/BioNTech",Belgium,https://epistat.wiv-isp.be/covid/
2021-05-03,4103956,3214031,898240,0,"Johnson&Johnson, Moderna, Oxford/AstraZeneca, Pfizer/BioNTech",Belgium,https://epistat.wiv-isp.be/covid/
2021-05-04,4187598,3281757,917484,0,"Johnson&Johnson, Moderna, Oxford/AstraZeneca, Pfizer/BioNTech",Belgium,https://epistat.wiv-isp.be/covid/
2021-05-05,4342987,3366375,992026,0,"Johnson&Johnson, Moderna, Oxford/AstraZeneca, Pfizer/BioNTech",Belgium,https://epistat.wiv-isp.be/covid/
2021-05-06,4505365,3455208,1070540,0,"Johnson&Johnson, Moderna, Oxford/AstraZeneca, Pfizer/BioNTech",Belgium,https://epistat.wiv-isp.be/covid/
2021-05-07,4661451,3556282,1130107,0,"Johnson&Johnson, Moderna, Oxford/AstraZeneca, Pfizer/BioNTech",Belgium,https://epistat.wiv-isp.be/covid/
2021-05-08,4752190,3637245,1141638,0,"Johnson&Johnson, Moderna, Oxford/AstraZeneca, Pfizer/BioNTech",Belgium,https://epistat.wiv-isp.be/covid/
2021-05-09,4760309,3645211,1141836,0,"Johnson&Johnson, Moderna, Oxford/AstraZeneca, Pfizer/BioNTech",Belgium,https://epistat.wiv-isp.be/covid/
2021-05-10,4844214,3724361,1148005,0,"Johnson&Johnson, Moderna, Oxford/AstraZeneca, Pfizer/BioNTech",Belgium,https://epistat.wiv-isp.be/covid/
2021-05-11,4913421,3783439,1159422,0,"Johnson&Johnson, Moderna, Oxford/AstraZeneca, Pfizer/BioNTech",Belgium,https://epistat.wiv-isp.be/covid/
2021-05-12,5007143,3848732,1189179,0,"Johnson&Johnson, Moderna, Oxford/AstraZeneca, Pfizer/BioNTech",Belgium,https://epistat.wiv-isp.be/covid/
2021-05-13,5126475,3887424,1270190,0,"Johnson&Johnson, Moderna, Oxford/AstraZeneca, Pfizer/BioNTech",Belgium,https://epistat.wiv-isp.be/covid/
2021-05-14,5272364,3929845,1374747,0,"Johnson&Johnson, Moderna, Oxford/AstraZeneca, Pfizer/BioNTech",Belgium,https://epistat.wiv-isp.be/covid/
2021-05-15,5360649,3962831,1430364,0,"Johnson&Johnson, Moderna, Oxford/AstraZeneca, Pfizer/BioNTech",Belgium,https://epistat.wiv-isp.be/covid/
2021-05-16,5366877,3965201,1434263,0,"Johnson&Johnson, Moderna, Oxford/AstraZeneca, Pfizer/BioNTech",Belgium,https://epistat.wiv-isp.be/covid/
2021-05-17,5476134,4051890,1460425,0,"Johnson&Johnson, Moderna, Oxford/AstraZeneca, Pfizer/BioNTech",Belgium,https://epistat.wiv-isp.be/covid/
2021-05-18,5609889,4154712,1494480,0,"Johnson&Johnson, Moderna, Oxford/AstraZeneca, Pfizer/BioNTech",Belgium,https://epistat.wiv-isp.be/covid/
2021-05-19,5751864,4233167,1562233,0,"Johnson&Johnson, Moderna, Oxford/AstraZeneca, Pfizer/BioNTech",Belgium,https://epistat.wiv-isp.be/covid/
2021-05-20,5899320,4302670,1645583,0,"Johnson&Johnson, Moderna, Oxford/AstraZeneca, Pfizer/BioNTech",Belgium,https://epistat.wiv-isp.be/covid/
2021-05-21,6028197,4372935,1707971,0,"Johnson&Johnson, Moderna, Oxford/AstraZeneca, Pfizer/BioNTech",Belgium,https://epistat.wiv-isp.be/covid/
2021-05-22,6117571,4417449,1753418,0,"Johnson&Johnson, Moderna, Oxford/AstraZeneca, Pfizer/BioNTech",Belgium,https://epistat.wiv-isp.be/covid/
2021-05-23,6127326,4424402,1756278,0,"Johnson&Johnson, Moderna, Oxford/AstraZeneca, Pfizer/BioNTech",Belgium,https://epistat.wiv-isp.be/covid/
2021-05-24,6189653,4451047,1792994,0,"Johnson&Johnson, Moderna, Oxford/AstraZeneca, Pfizer/BioNTech",Belgium,https://epistat.wiv-isp.be/covid/
2021-05-25,6290039,4510983,1840443,0,"Johnson&Johnson, Moderna, Oxford/AstraZeneca, Pfizer/BioNTech",Belgium,https://epistat.wiv-isp.be/covid/
2021-05-26,6413231,4547030,1932654,0,"Johnson&Johnson, Moderna, Oxford/AstraZeneca, Pfizer/BioNTech",Belgium,https://epistat.wiv-isp.be/covid/
2021-05-27,6553676,4588469,2036051,0,"Johnson&Johnson, Moderna, Oxford/AstraZeneca, Pfizer/BioNTech",Belgium,https://epistat.wiv-isp.be/covid/
2021-05-28,6666504,4627615,2113577,0,"Johnson&Johnson, Moderna, Oxford/AstraZeneca, Pfizer/BioNTech",Belgium,https://epistat.wiv-isp.be/covid/
2021-05-29,6757851,4670881,2164113,0,"Johnson&Johnson, Moderna, Oxford/AstraZeneca, Pfizer/BioNTech",Belgium,https://epistat.wiv-isp.be/covid/
2021-05-30,6769502,4675390,2171392,0,"Johnson&Johnson, Moderna, Oxford/AstraZeneca, Pfizer/BioNTech",Belgium,https://epistat.wiv-isp.be/covid/
2021-05-31,6890264,4741456,2229387,0,"Johnson&Johnson, Moderna, Oxford/AstraZeneca, Pfizer/BioNTech",Belgium,https://epistat.wiv-isp.be/covid/
2021-06-01,6993959,4805888,2277600,0,"Johnson&Johnson, Moderna, Oxford/AstraZeneca, Pfizer/BioNTech",Belgium,https://epistat.wiv-isp.be/covid/
2021-06-02,7162728,4887047,2368338,0,"Johnson&Johnson, Moderna, Oxford/AstraZeneca, Pfizer/BioNTech",Belgium,https://epistat.wiv-isp.be/covid/
2021-06-03,7350252,4980164,2466069,0,"Johnson&Johnson, Moderna, Oxford/AstraZeneca, Pfizer/BioNTech",Belgium,https://epistat.wiv-isp.be/covid/
2021-06-04,7503833,5062255,2540312,0,"Johnson&Johnson, Moderna, Oxford/AstraZeneca, Pfizer/BioNTech",Belgium,https://epistat.wiv-isp.be/covid/
2021-06-05,7643135,5151601,2592169,0,"Johnson&Johnson, Moderna, Oxford/AstraZeneca, Pfizer/BioNTech",Belgium,https://epistat.wiv-isp.be/covid/
2021-06-06,7674502,5177517,2598155,0,"Johnson&Johnson, Moderna, Oxford/AstraZeneca, Pfizer/BioNTech",Belgium,https://epistat.wiv-isp.be/covid/
2021-06-07,7845511,5277300,2677913,0,"Johnson&Johnson, Moderna, Oxford/AstraZeneca, Pfizer/BioNTech",Belgium,https://epistat.wiv-isp.be/covid/
2021-06-08,7994832,5361496,2759231,0,"Johnson&Johnson, Moderna, Oxford/AstraZeneca, Pfizer/BioNTech",Belgium,https://epistat.wiv-isp.be/covid/
2021-06-09,8192000,5454933,2869368,0,"Johnson&Johnson, Moderna, Oxford/AstraZeneca, Pfizer/BioNTech",Belgium,https://epistat.wiv-isp.be/covid/
2021-06-10,8387530,5536517,2987871,0,"Johnson&Johnson, Moderna, Oxford/AstraZeneca, Pfizer/BioNTech",Belgium,https://epistat.wiv-isp.be/covid/
2021-06-11,8583807,5625689,3098427,0,"Johnson&Johnson, Moderna, Oxford/AstraZeneca, Pfizer/BioNTech",Belgium,https://epistat.wiv-isp.be/covid/
2021-06-12,8727307,5704362,3170099,0,"Johnson&Johnson, Moderna, Oxford/AstraZeneca, Pfizer/BioNTech",Belgium,https://epistat.wiv-isp.be/covid/
2021-06-13,8751428,5720189,3178820,0,"Johnson&Johnson, Moderna, Oxford/AstraZeneca, Pfizer/BioNTech",Belgium,https://epistat.wiv-isp.be/covid/
2021-06-14,8905766,5798751,3267986,0,"Johnson&Johnson, Moderna, Oxford/AstraZeneca, Pfizer/BioNTech",Belgium,https://epistat.wiv-isp.be/covid/
2021-06-15,9057244,5892916,3351733,0,"Johnson&Johnson, Moderna, Oxford/AstraZeneca, Pfizer/BioNTech",Belgium,https://epistat.wiv-isp.be/covid/
2021-06-16,9241348,6014242,3430966,0,"Johnson&Johnson, Moderna, Oxford/AstraZeneca, Pfizer/BioNTech",Belgium,https://epistat.wiv-isp.be/covid/
2021-06-17,9430837,6151983,3487558,0,"Johnson&Johnson, Moderna, Oxford/AstraZeneca, Pfizer/BioNTech",Belgium,https://epistat.wiv-isp.be/covid/
2021-06-18,9624212,6290689,3547769,0,"Johnson&Johnson, Moderna, Oxford/AstraZeneca, Pfizer/BioNTech",Belgium,https://epistat.wiv-isp.be/covid/
2021-06-19,9750460,6387256,3579914,0,"Johnson&Johnson, Moderna, Oxford/AstraZeneca, Pfizer/BioNTech",Belgium,https://epistat.wiv-isp.be/covid/
2021-06-20,9782838,6418169,3581849,0,"Johnson&Johnson, Moderna, Oxford/AstraZeneca, Pfizer/BioNTech",Belgium,https://epistat.wiv-isp.be/covid/
2021-06-21,9901797,6501290,3620721,0,"Johnson&Johnson, Moderna, Oxford/AstraZeneca, Pfizer/BioNTech",Belgium,https://epistat.wiv-isp.be/covid/
2021-06-22,10010593,6563010,3676942,0,"Johnson&Johnson, Moderna, Oxford/AstraZeneca, Pfizer/BioNTech",Belgium,https://epistat.wiv-isp.be/covid/
2021-06-23,10195082,6686295,3741501,0,"Johnson&Johnson, Moderna, Oxford/AstraZeneca, Pfizer/BioNTech",Belgium,https://epistat.wiv-isp.be/covid/
2021-06-24,10377095,6812585,3802857,0,"Johnson&Johnson, Moderna, Oxford/AstraZeneca, Pfizer/BioNTech",Belgium,https://epistat.wiv-isp.be/covid/
2021-06-25,10542312,6930654,3855187,0,"Johnson&Johnson, Moderna, Oxford/AstraZeneca, Pfizer/BioNTech",Belgium,https://epistat.wiv-isp.be/covid/
2021-06-26,10657771,7001579,3905428,0,"Johnson&Johnson, Moderna, Oxford/AstraZeneca, Pfizer/BioNTech",Belgium,https://epistat.wiv-isp.be/covid/
2021-06-27,10692693,7030204,3912465,0,"Johnson&Johnson, Moderna, Oxford/AstraZeneca, Pfizer/BioNTech",Belgium,https://epistat.wiv-isp.be/covid/
2021-06-28,10813369,7099061,3968166,0,"Johnson&Johnson, Moderna, Oxford/AstraZeneca, Pfizer/BioNTech",Belgium,https://epistat.wiv-isp.be/covid/
2021-06-29,10935170,7157314,4037655,0,"Johnson&Johnson, Moderna, Oxford/AstraZeneca, Pfizer/BioNTech",Belgium,https://epistat.wiv-isp.be/covid/
2021-06-30,11060608,7242585,4084612,0,"Johnson&Johnson, Moderna, Oxford/AstraZeneca, Pfizer/BioNTech",Belgium,https://epistat.wiv-isp.be/covid/
2021-07-01,11197706,7334678,4133874,0,"Johnson&Johnson, Moderna, Oxford/AstraZeneca, Pfizer/BioNTech",Belgium,https://epistat.wiv-isp.be/covid/
2021-07-02,11312210,7411328,4175540,0,"Johnson&Johnson, Moderna, Oxford/AstraZeneca, Pfizer/BioNTech",Belgium,https://epistat.wiv-isp.be/covid/
2021-07-03,11401345,7448939,4227986,0,"Johnson&Johnson, Moderna, Oxford/AstraZeneca, Pfizer/BioNTech",Belgium,https://epistat.wiv-isp.be/covid/
2021-07-04,11415750,7456451,4234942,0,"Johnson&Johnson, Moderna, Oxford/AstraZeneca, Pfizer/BioNTech",Belgium,https://epistat.wiv-isp.be/covid/
2021-07-05,11536367,7481021,4334290,0,"Johnson&Johnson, Moderna, Oxford/AstraZeneca, Pfizer/BioNTech",Belgium,https://epistat.wiv-isp.be/covid/
2021-07-06,11652211,7503823,4429662,0,"Johnson&Johnson, Moderna, Oxford/AstraZeneca, Pfizer/BioNTech",Belgium,https://epistat.wiv-isp.be/covid/
2021-07-07,11811664,7542770,4553251,0,"Johnson&Johnson, Moderna, Oxford/AstraZeneca, Pfizer/BioNTech",Belgium,https://epistat.wiv-isp.be/covid/
2021-07-08,11977113,7579938,4685058,0,"Johnson&Johnson, Moderna, Oxford/AstraZeneca, Pfizer/BioNTech",Belgium,https://epistat.wiv-isp.be/covid/
2021-07-09,12125106,7615793,4799309,0,"Johnson&Johnson, Moderna, Oxford/AstraZeneca, Pfizer/BioNTech",Belgium,https://epistat.wiv-isp.be/covid/
2021-07-10,12254057,7635450,4909968,0,"Johnson&Johnson, Moderna, Oxford/AstraZeneca, Pfizer/BioNTech",Belgium,https://epistat.wiv-isp.be/covid/
2021-07-11,12285260,7639786,4937098,0,"Johnson&Johnson, Moderna, Oxford/AstraZeneca, Pfizer/BioNTech",Belgium,https://epistat.wiv-isp.be/covid/
2021-07-12,12431650,7665538,5060436,0,"Johnson&Johnson, Moderna, Oxford/AstraZeneca, Pfizer/BioNTech",Belgium,https://epistat.wiv-isp.be/covid/
2021-07-13,12549267,7693300,5154687,0,"Johnson&Johnson, Moderna, Oxford/AstraZeneca, Pfizer/BioNTech",Belgium,https://epistat.wiv-isp.be/covid/
2021-07-14,12697044,7728522,5270529,0,"Johnson&Johnson, Moderna, Oxford/AstraZeneca, Pfizer/BioNTech",Belgium,https://epistat.wiv-isp.be/covid/
2021-07-15,12832880,7760420,5377772,0,"Johnson&Johnson, Moderna, Oxford/AstraZeneca, Pfizer/BioNTech",Belgium,https://epistat.wiv-isp.be/covid/
2021-07-16,12971066,7790796,5488800,0,"Johnson&Johnson, Moderna, Oxford/AstraZeneca, Pfizer/BioNTech",Belgium,https://epistat.wiv-isp.be/covid/
2021-07-17,13073300,7809629,5573852,0,"Johnson&Johnson, Moderna, Oxford/AstraZeneca, Pfizer/BioNTech",Belgium,https://epistat.wiv-isp.be/covid/
2021-07-18,13088233,7813039,5585900,0,"Johnson&Johnson, Moderna, Oxford/AstraZeneca, Pfizer/BioNTech",Belgium,https://epistat.wiv-isp.be/covid/
2021-07-19,13217302,7833411,5696178,0,"Johnson&Johnson, Moderna, Oxford/AstraZeneca, Pfizer/BioNTech",Belgium,https://epistat.wiv-isp.be/covid/
2021-07-20,13339540,7859787,5794101,0,"Johnson&Johnson, Moderna, Oxford/AstraZeneca, Pfizer/BioNTech",Belgium,https://epistat.wiv-isp.be/covid/
2021-07-21,13440198,7873707,5882247,0,"Johnson&Johnson, Moderna, Oxford/AstraZeneca, Pfizer/BioNTech",Belgium,https://epistat.wiv-isp.be/covid/
2021-07-22,13625434,7901611,6041466,0,"Johnson&Johnson, Moderna, Oxford/AstraZeneca, Pfizer/BioNTech",Belgium,https://epistat.wiv-isp.be/covid/
2021-07-23,13788891,7926447,6182713,0,"Johnson&Johnson, Moderna, Oxford/AstraZeneca, Pfizer/BioNTech",Belgium,https://epistat.wiv-isp.be/covid/
2021-07-24,13886804,7942683,6265503,0,"Johnson&Johnson, Moderna, Oxford/AstraZeneca, Pfizer/BioNTech",Belgium,https://epistat.wiv-isp.be/covid/
2021-07-25,13900854,7944305,6278235,0,"Johnson&Johnson, Moderna, Oxford/AstraZeneca, Pfizer/BioNTech",Belgium,https://epistat.wiv-isp.be/covid/
2021-07-26,14019215,7965872,6376950,0,"Johnson&Johnson, Moderna, Oxford/AstraZeneca, Pfizer/BioNTech",Belgium,https://epistat.wiv-isp.be/covid/
2021-07-27,14130156,7988445,6467501,0,"Johnson&Johnson, Moderna, Oxford/AstraZeneca, Pfizer/BioNTech",Belgium,https://epistat.wiv-isp.be/covid/
2021-07-28,14288531,8016917,6598699,0,"Johnson&Johnson, Moderna, Oxford/AstraZeneca, Pfizer/BioNTech",Belgium,https://epistat.wiv-isp.be/covid/
2021-07-29,14436442,8041298,6723539,0,"Johnson&Johnson, Moderna, Oxford/AstraZeneca, Pfizer/BioNTech",Belgium,https://epistat.wiv-isp.be/covid/
2021-07-30,14579153,8067430,6841676,0,"Johnson&Johnson, Moderna, Oxford/AstraZeneca, Pfizer/BioNTech",Belgium,https://epistat.wiv-isp.be/covid/
2021-07-31,14665222,8083769,6912562,0,"Johnson&Johnson, Moderna, Oxford/AstraZeneca, Pfizer/BioNTech",Belgium,https://epistat.wiv-isp.be/covid/
2021-08-01,14677494,8085981,6922697,0,"Johnson&Johnson, Moderna, Oxford/AstraZeneca, Pfizer/BioNTech",Belgium,https://epistat.wiv-isp.be/covid/
2021-08-02,14784022,8105740,7010473,0,"Johnson&Johnson, Moderna, Oxford/AstraZeneca, Pfizer/BioNTech",Belgium,https://epistat.wiv-isp.be/covid/
2021-08-03,14877406,8128831,7082699,0,"Johnson&Johnson, Moderna, Oxford/AstraZeneca, Pfizer/BioNTech",Belgium,https://epistat.wiv-isp.be/covid/
2021-08-04,14994998,8160768,7169882,0,"Johnson&Johnson, Moderna, Oxford/AstraZeneca, Pfizer/BioNTech",Belgium,https://epistat.wiv-isp.be/covid/
2021-08-05,15110726,8186501,7261536,0,"Johnson&Johnson, Moderna, Oxford/AstraZeneca, Pfizer/BioNTech",Belgium,https://epistat.wiv-isp.be/covid/
2021-08-06,15222799,8212416,7349463,0,"Johnson&Johnson, Moderna, Oxford/AstraZeneca, Pfizer/BioNTech",Belgium,https://epistat.wiv-isp.be/covid/
2021-08-07,15282140,8234383,7388197,0,"Johnson&Johnson, Moderna, Oxford/AstraZeneca, Pfizer/BioNTech",Belgium,https://epistat.wiv-isp.be/covid/
2021-08-08,15288747,8235866,7393492,0,"Johnson&Johnson, Moderna, Oxford/AstraZeneca, Pfizer/BioNTech",Belgium,https://epistat.wiv-isp.be/covid/
2021-08-09,15359217,8254947,7446304,0,"Johnson&Johnson, Moderna, Oxford/AstraZeneca, Pfizer/BioNTech",Belgium,https://epistat.wiv-isp.be/covid/
2021-08-10,15439371,8271035,7512233,0,"Johnson&Johnson, Moderna, Oxford/AstraZeneca, Pfizer/BioNTech",Belgium,https://epistat.wiv-isp.be/covid/
2021-08-11,15516508,8287447,7574298,0,"Johnson&Johnson, Moderna, Oxford/AstraZeneca, Pfizer/BioNTech",Belgium,https://epistat.wiv-isp.be/covid/
2021-08-12,15592829,8304508,7634894,0,"Johnson&Johnson, Moderna, Oxford/AstraZeneca, Pfizer/BioNTech",Belgium,https://epistat.wiv-isp.be/covid/
2021-08-13,15654128,8318634,7682869,0,"Johnson&Johnson, Moderna, Oxford/AstraZeneca, Pfizer/BioNTech",Belgium,https://epistat.wiv-isp.be/covid/
2021-08-14,15681703,8325395,7704348,0,"Johnson&Johnson, Moderna, Oxford/AstraZeneca, Pfizer/BioNTech",Belgium,https://epistat.wiv-isp.be/covid/
2021-08-15,15683624,8325626,7706057,0,"Johnson&Johnson, Moderna, Oxford/AstraZeneca, Pfizer/BioNTech",Belgium,https://epistat.wiv-isp.be/covid/
2021-08-16,15723309,8333722,7738755,0,"Johnson&Johnson, Moderna, Oxford/AstraZeneca, Pfizer/BioNTech",Belgium,https://epistat.wiv-isp.be/covid/
2021-08-17,15769362,8346060,7774107,0,"Johnson&Johnson, Moderna, Oxford/AstraZeneca, Pfizer/BioNTech",Belgium,https://epistat.wiv-isp.be/covid/
2021-08-18,15821182,8357453,7815589,0,"Johnson&Johnson, Moderna, Oxford/AstraZeneca, Pfizer/BioNTech",Belgium,https://epistat.wiv-isp.be/covid/
2021-08-19,15870237,8367125,7855924,0,"Johnson&Johnson, Moderna, Oxford/AstraZeneca, Pfizer/BioNTech",Belgium,https://epistat.wiv-isp.be/covid/
2021-08-20,15913044,8376438,7890374,0,"Johnson&Johnson, Moderna, Oxford/AstraZeneca, Pfizer/BioNTech",Belgium,https://epistat.wiv-isp.be/covid/
2021-08-21,15937721,8383122,7908918,0,"Johnson&Johnson, Moderna, Oxford/AstraZeneca, Pfizer/BioNTech",Belgium,https://epistat.wiv-isp.be/covid/
2021-08-22,15940794,8383340,7911780,0,"Johnson&Johnson, Moderna, Oxford/AstraZeneca, Pfizer/BioNTech",Belgium,https://epistat.wiv-isp.be/covid/
2021-08-23,15981672,8391989,7944923,0,"Johnson&Johnson, Moderna, Oxford/AstraZeneca, Pfizer/BioNTech",Belgium,https://epistat.wiv-isp.be/covid/
2021-08-24,16021446,8400324,7977992,0,"Johnson&Johnson, Moderna, Oxford/AstraZeneca, Pfizer/BioNTech",Belgium,https://epistat.wiv-isp.be/covid/
2021-08-25,16064964,8410251,8012711,0,"Johnson&Johnson, Moderna, Oxford/AstraZeneca, Pfizer/BioNTech",Belgium,https://epistat.wiv-isp.be/covid/
2021-08-26,16113821,8420535,8052142,0,"Johnson&Johnson, Moderna, Oxford/AstraZeneca, Pfizer/BioNTech",Belgium,https://epistat.wiv-isp.be/covid/
2021-08-27,16153361,8427868,8085171,0,"Johnson&Johnson, Moderna, Oxford/AstraZeneca, Pfizer/BioNTech",Belgium,https://epistat.wiv-isp.be/covid/
2021-08-28,16188077,8435106,8113150,0,"Johnson&Johnson, Moderna, Oxford/AstraZeneca, Pfizer/BioNTech",Belgium,https://epistat.wiv-isp.be/covid/
2021-08-29,16189441,8435160,8114466,0,"Johnson&Johnson, Moderna, Oxford/AstraZeneca, Pfizer/BioNTech",Belgium,https://epistat.wiv-isp.be/covid/
2021-08-30,16221810,8441694,8141010,0,"Johnson&Johnson, Moderna, Oxford/AstraZeneca, Pfizer/BioNTech",Belgium,https://epistat.wiv-isp.be/covid/
2021-08-31,16261139,8452939,8170645,0,"Johnson&Johnson, Moderna, Oxford/AstraZeneca, Pfizer/BioNTech",Belgium,https://epistat.wiv-isp.be/covid/
2021-09-01,16282517,8459635,8186266,0,"Johnson&Johnson, Moderna, Oxford/AstraZeneca, Pfizer/BioNTech",Belgium,https://epistat.wiv-isp.be/covid/
2021-09-02,16299649,8465972,8197870,0,"Johnson&Johnson, Moderna, Oxford/AstraZeneca, Pfizer/BioNTech",Belgium,https://epistat.wiv-isp.be/covid/
2021-09-03,16324556,8473950,8215811,0,"Johnson&Johnson, Moderna, Oxford/AstraZeneca, Pfizer/BioNTech",Belgium,https://epistat.wiv-isp.be/covid/
2021-09-04,16354838,8484720,8236325,0,"Johnson&Johnson, Moderna, Oxford/AstraZeneca, Pfizer/BioNTech",Belgium,https://epistat.wiv-isp.be/covid/
2021-09-05,16356231,8485792,8236724,0,"Johnson&Johnson, Moderna, Oxford/AstraZeneca, Pfizer/BioNTech",Belgium,https://epistat.wiv-isp.be/covid/
2021-09-06,16362542,8488544,8240673,0,"Johnson&Johnson, Moderna, Oxford/AstraZeneca, Pfizer/BioNTech",Belgium,https://epistat.wiv-isp.be/covid/
2021-09-07,16372414,8492389,8247286,0,"Johnson&Johnson, Moderna, Oxford/AstraZeneca, Pfizer/BioNTech",Belgium,https://epistat.wiv-isp.be/covid/
2021-09-08,16398973,8503217,8264125,0,"Johnson&Johnson, Moderna, Oxford/AstraZeneca, Pfizer/BioNTech",Belgium,https://epistat.wiv-isp.be/covid/
2021-09-09,16410010,8507276,8271947,175,"Johnson&Johnson, Moderna, Oxford/AstraZeneca, Pfizer/BioNTech",Belgium,https://epistat.wiv-isp.be/covid/
2021-09-10,16428215,8515094,8283340,354,"Johnson&Johnson, Moderna, Oxford/AstraZeneca, Pfizer/BioNTech",Belgium,https://epistat.wiv-isp.be/covid/
2021-09-11,16450753,8524067,8297949,420,"Johnson&Johnson, Moderna, Oxford/AstraZeneca, Pfizer/BioNTech",Belgium,https://epistat.wiv-isp.be/covid/
2021-09-12,16452120,8524700,8298739,423,"Johnson&Johnson, Moderna, Oxford/AstraZeneca, Pfizer/BioNTech",Belgium,https://epistat.wiv-isp.be/covid/
2021-09-13,16460287,8527623,8304799,817,"Johnson&Johnson, Moderna, Oxford/AstraZeneca, Pfizer/BioNTech",Belgium,https://epistat.wiv-isp.be/covid/
2021-09-14,16464976,8529698,8308068,1152,"Johnson&Johnson, Moderna, Oxford/AstraZeneca, Pfizer/BioNTech",Belgium,https://epistat.wiv-isp.be/covid/
2021-09-15,16481539,8536349,8319104,2211,"Johnson&Johnson, Moderna, Oxford/AstraZeneca, Pfizer/BioNTech",Belgium,https://epistat.wiv-isp.be/covid/
2021-09-16,16493799,8541196,8328262,4198,"Johnson&Johnson, Moderna, Oxford/AstraZeneca, Pfizer/BioNTech",Belgium,https://epistat.wiv-isp.be/covid/
2021-09-17,16510395,8548527,8338630,9674,"Johnson&Johnson, Moderna, Oxford/AstraZeneca, Pfizer/BioNTech",Belgium,https://epistat.wiv-isp.be/covid/
2021-09-18,16531221,8556321,8352793,16638,"Johnson&Johnson, Moderna, Oxford/AstraZeneca, Pfizer/BioNTech",Belgium,https://epistat.wiv-isp.be/covid/
2021-09-19,16531628,8556647,8353000,16673,"Johnson&Johnson, Moderna, Oxford/AstraZeneca, Pfizer/BioNTech",Belgium,https://epistat.wiv-isp.be/covid/
2021-09-20,16537657,8559652,8356559,19258,"Johnson&Johnson, Moderna, Oxford/AstraZeneca, Pfizer/BioNTech",Belgium,https://epistat.wiv-isp.be/covid/
2021-09-21,16548043,8564485,8363252,24961,"Johnson&Johnson, Moderna, Oxford/AstraZeneca, Pfizer/BioNTech",Belgium,https://epistat.wiv-isp.be/covid/
2021-09-22,16565258,8571533,8374626,38280,"Johnson&Johnson, Moderna, Oxford/AstraZeneca, Pfizer/BioNTech",Belgium,https://epistat.wiv-isp.be/covid/
2021-09-23,16575993,8576219,8381998,47629,"Johnson&Johnson, Moderna, Oxford/AstraZeneca, Pfizer/BioNTech",Belgium,https://epistat.wiv-isp.be/covid/
2021-09-24,16590726,8583317,8390690,59289,"Johnson&Johnson, Moderna, Oxford/AstraZeneca, Pfizer/BioNTech",Belgium,https://epistat.wiv-isp.be/covid/
2021-09-25,16615885,8591929,8408658,74456,"Johnson&Johnson, Moderna, Oxford/AstraZeneca, Pfizer/BioNTech",Belgium,https://epistat.wiv-isp.be/covid/
2021-09-26,16617043,8592557,8409512,74528,"Johnson&Johnson, Moderna, Oxford/AstraZeneca, Pfizer/BioNTech",Belgium,https://epistat.wiv-isp.be/covid/
2021-09-27,16623236,8595267,8413615,82827,"Johnson&Johnson, Moderna, Oxford/AstraZeneca, Pfizer/BioNTech",Belgium,https://epistat.wiv-isp.be/covid/
2021-09-28,16632032,8599721,8419055,97092,"Johnson&Johnson, Moderna, Oxford/AstraZeneca, Pfizer/BioNTech",Belgium,https://epistat.wiv-isp.be/covid/
2021-09-29,16652660,8607081,8433440,120464,"Johnson&Johnson, Moderna, Oxford/AstraZeneca, Pfizer/BioNTech",Belgium,https://epistat.wiv-isp.be/covid/
2021-09-30,16663582,8611715,8440572,138740,"Johnson&Johnson, Moderna, Oxford/AstraZeneca, Pfizer/BioNTech",Belgium,https://epistat.wiv-isp.be/covid/
2021-10-01,16677853,8618956,8448447,153898,"Johnson&Johnson, Moderna, Oxford/AstraZeneca, Pfizer/BioNTech",Belgium,https://epistat.wiv-isp.be/covid/
2021-10-02,16693985,8625471,8458678,167159,"Johnson&Johnson, Moderna, Oxford/AstraZeneca, Pfizer/BioNTech",Belgium,https://epistat.wiv-isp.be/covid/
2021-10-03,16694664,8625759,8459088,167595,"Johnson&Johnson, Moderna, Oxford/AstraZeneca, Pfizer/BioNTech",Belgium,https://epistat.wiv-isp.be/covid/
2021-10-04,16699624,8628228,8462010,176685,"Johnson&Johnson, Moderna, Oxford/AstraZeneca, Pfizer/BioNTech",Belgium,https://epistat.wiv-isp.be/covid/
2021-10-05,16705452,8631981,8464549,190374,"Johnson&Johnson, Moderna, Oxford/AstraZeneca, Pfizer/BioNTech",Belgium,https://epistat.wiv-isp.be/covid/
2021-10-06,16716251,8636988,8470865,220900,"Johnson&Johnson, Moderna, Oxford/AstraZeneca, Pfizer/BioNTech",Belgium,https://epistat.wiv-isp.be/covid/
2021-10-07,16724021,8641141,8475207,259300,"Johnson&Johnson, Moderna, Oxford/AstraZeneca, Pfizer/BioNTech",Belgium,https://epistat.wiv-isp.be/covid/
2021-10-08,16735111,8645684,8482510,287802,"Johnson&Johnson, Moderna, Oxford/AstraZeneca, Pfizer/BioNTech",Belgium,https://epistat.wiv-isp.be/covid/
2021-10-09,16748494,8650762,8491948,302735,"Johnson&Johnson, Moderna, Oxford/AstraZeneca, Pfizer/BioNTech",Belgium,https://epistat.wiv-isp.be/covid/
2021-10-10,16748850,8650974,8492107,303517,"Johnson&Johnson, Moderna, Oxford/AstraZeneca, Pfizer/BioNTech",Belgium,https://epistat.wiv-isp.be/covid/
2021-10-11,16754129,8653515,8495205,318293,"Johnson&Johnson, Moderna, Oxford/AstraZeneca, Pfizer/BioNTech",Belgium,https://epistat.wiv-isp.be/covid/
2021-10-12,16761472,8657231,8499399,346161,"Johnson&Johnson, Moderna, Oxford/AstraZeneca, Pfizer/BioNTech",Belgium,https://epistat.wiv-isp.be/covid/
2021-10-13,16772640,8661702,8506888,378692,"Johnson&Johnson, Moderna, Oxford/AstraZeneca, Pfizer/BioNTech",Belgium,https://epistat.wiv-isp.be/covid/
2021-10-14,16780598,8666276,8510979,410276,"Johnson&Johnson, Moderna, Oxford/AstraZeneca, Pfizer/BioNTech",Belgium,https://epistat.wiv-isp.be/covid/
2021-10-15,16792577,8670968,8519274,431825,"Johnson&Johnson, Moderna, Oxford/AstraZeneca, Pfizer/BioNTech",Belgium,https://epistat.wiv-isp.be/covid/
2021-10-16,16803683,8675261,8526749,442319,"Johnson&Johnson, Moderna, Oxford/AstraZeneca, Pfizer/BioNTech",Belgium,https://epistat.wiv-isp.be/covid/
2021-10-17,16804112,8675568,8526881,443047,"Johnson&Johnson, Moderna, Oxford/AstraZeneca, Pfizer/BioNTech",Belgium,https://epistat.wiv-isp.be/covid/
2021-10-18,16808797,8678281,8529335,450101,"Johnson&Johnson, Moderna, Oxford/AstraZeneca, Pfizer/BioNTech",Belgium,https://epistat.wiv-isp.be/covid/
2021-10-19,16814648,8681769,8532296,467151,"Johnson&Johnson, Moderna, Oxford/AstraZeneca, Pfizer/BioNTech",Belgium,https://epistat.wiv-isp.be/covid/
2021-10-20,16824219,8686978,8537358,489769,"Johnson&Johnson, Moderna, Oxford/AstraZeneca, Pfizer/BioNTech",Belgium,https://epistat.wiv-isp.be/covid/
2021-10-21,16831607,8691301,8541143,517458,"Johnson&Johnson, Moderna, Oxford/AstraZeneca, Pfizer/BioNTech",Belgium,https://epistat.wiv-isp.be/covid/
2021-10-22,16842760,8695174,8549147,536859,"Johnson&Johnson, Moderna, Oxford/AstraZeneca, Pfizer/BioNTech",Belgium,https://epistat.wiv-isp.be/covid/
2021-10-23,16853189,8699091,8556231,544770,"Johnson&Johnson, Moderna, Oxford/AstraZeneca, Pfizer/BioNTech",Belgium,https://epistat.wiv-isp.be/covid/
2021-10-24,16853508,8699319,8556332,544912,"Johnson&Johnson, Moderna, Oxford/AstraZeneca, Pfizer/BioNTech",Belgium,https://epistat.wiv-isp.be/covid/
2021-10-25,16859081,8702381,8559373,555377,"Johnson&Johnson, Moderna, Oxford/AstraZeneca, Pfizer/BioNTech",Belgium,https://epistat.wiv-isp.be/covid/
2021-10-26,16867213,8706731,8563796,577067,"Johnson&Johnson, Moderna, Oxford/AstraZeneca, Pfizer/BioNTech",Belgium,https://epistat.wiv-isp.be/covid/
2021-10-27,16879194,8712969,8570247,601657,"Johnson&Johnson, Moderna, Oxford/AstraZeneca, Pfizer/BioNTech",Belgium,https://epistat.wiv-isp.be/covid/
2021-10-28,16888603,8718248,8575235,629589,"Johnson&Johnson, Moderna, Oxford/AstraZeneca, Pfizer/BioNTech",Belgium,https://epistat.wiv-isp.be/covid/
2021-10-29,16898888,8723354,8581482,649848,"Johnson&Johnson, Moderna, Oxford/AstraZeneca, Pfizer/BioNTech",Belgium,https://epistat.wiv-isp.be/covid/
2021-10-30,16908466,8727616,8587376,657265,"Johnson&Johnson, Moderna, Oxford/AstraZeneca, Pfizer/BioNTech",Belgium,https://epistat.wiv-isp.be/covid/
2021-10-31,16908582,8727696,8587426,657348,"Johnson&Johnson, Moderna, Oxford/AstraZeneca, Pfizer/BioNTech",Belgium,https://epistat.wiv-isp.be/covid/
2021-11-01,16909093,8728099,8587689,657849,"Johnson&Johnson, Moderna, Oxford/AstraZeneca, Pfizer/BioNTech",Belgium,https://epistat.wiv-isp.be/covid/
2021-11-02,16917021,8732635,8591666,669016,"Johnson&Johnson, Moderna, Oxford/AstraZeneca, Pfizer/BioNTech",Belgium,https://epistat.wiv-isp.be/covid/
2021-11-03,16927208,8738851,8596577,689994,"Johnson&Johnson, Moderna, Oxford/AstraZeneca, Pfizer/BioNTech",Belgium,https://epistat.wiv-isp.be/covid/
2021-11-04,16936211,8744404,8600766,711125,"Johnson&Johnson, Moderna, Oxford/AstraZeneca, Pfizer/BioNTech",Belgium,https://epistat.wiv-isp.be/covid/
2021-11-05,16945113,8749308,8605898,730420,"Johnson&Johnson, Moderna, Oxford/AstraZeneca, Pfizer/BioNTech",Belgium,https://epistat.wiv-isp.be/covid/
2021-11-06,16952494,8753195,8610021,741931,"Johnson&Johnson, Moderna, Oxford/AstraZeneca, Pfizer/BioNTech",Belgium,https://epistat.wiv-isp.be/covid/
2021-11-07,16953180,8753578,8610397,743180,"Johnson&Johnson, Moderna, Oxford/AstraZeneca, Pfizer/BioNTech",Belgium,https://epistat.wiv-isp.be/covid/
2021-11-08,16958252,8756402,8613177,758345,"Johnson&Johnson, Moderna, Oxford/AstraZeneca, Pfizer/BioNTech",Belgium,https://epistat.wiv-isp.be/covid/
2021-11-09,16967299,8761077,8618152,780621,"Johnson&Johnson, Moderna, Oxford/AstraZeneca, Pfizer/BioNTech",Belgium,https://epistat.wiv-isp.be/covid/
2021-11-10,16979896,8768114,8624839,814471,"Johnson&Johnson, Moderna, Oxford/AstraZeneca, Pfizer/BioNTech",Belgium,https://epistat.wiv-isp.be/covid/
2021-11-11,16981651,8769128,8625678,818979,"Johnson&Johnson, Moderna, Oxford/AstraZeneca, Pfizer/BioNTech",Belgium,https://epistat.wiv-isp.be/covid/
2021-11-12,16989816,8773496,8630108,841910,"Johnson&Johnson, Moderna, Oxford/AstraZeneca, Pfizer/BioNTech",Belgium,https://epistat.wiv-isp.be/covid/
2021-11-13,16997319,8777395,8634294,855362,"Johnson&Johnson, Moderna, Oxford/AstraZeneca, Pfizer/BioNTech",Belgium,https://epistat.wiv-isp.be/covid/
2021-11-14,16997538,8777526,8634384,855544,"Johnson&Johnson, Moderna, Oxford/AstraZeneca, Pfizer/BioNTech",Belgium,https://epistat.wiv-isp.be/covid/
2021-11-15,17003289,8780450,8637540,879917,"Johnson&Johnson, Moderna, Oxford/AstraZeneca, Pfizer/BioNTech",Belgium,https://epistat.wiv-isp.be/covid/
2021-11-16,17012960,8785272,8642855,921988,"Johnson&Johnson, Moderna, Oxford/AstraZeneca, Pfizer/BioNTech",Belgium,https://epistat.wiv-isp.be/covid/
2021-11-17,17026893,8792855,8649547,983524,"Johnson&Johnson, Moderna, Oxford/AstraZeneca, Pfizer/BioNTech",Belgium,https://epistat.wiv-isp.be/covid/
2021-11-18,17036046,8797722,8654193,1041606,"Johnson&Johnson, Moderna, Oxford/AstraZeneca, Pfizer/BioNTech",Belgium,https://epistat.wiv-isp.be/covid/
2021-11-19,17044754,8802262,8658761,1093358,"Johnson&Johnson, Moderna, Oxford/AstraZeneca, Pfizer/BioNTech",Belgium,https://epistat.wiv-isp.be/covid/
2021-11-20,17052732,8806251,8663019,1116609,"Johnson&Johnson, Moderna, Oxford/AstraZeneca, Pfizer/BioNTech",Belgium,https://epistat.wiv-isp.be/covid/
2021-11-21,17052962,8806385,8663117,1117360,"Johnson&Johnson, Moderna, Oxford/AstraZeneca, Pfizer/BioNTech",Belgium,https://epistat.wiv-isp.be/covid/
2021-11-22,17057726,8809446,8665107,1158895,"Johnson&Johnson, Moderna, Oxford/AstraZeneca, Pfizer/BioNTech",Belgium,https://epistat.wiv-isp.be/covid/
2021-11-23,17065104,8813078,8669067,1231896,"Johnson&Johnson, Moderna, Oxford/AstraZeneca, Pfizer/BioNTech",Belgium,https://epistat.wiv-isp.be/covid/
2021-11-24,17076485,8819385,8674337,1311338,"Johnson&Johnson, Moderna, Oxford/AstraZeneca, Pfizer/BioNTech",Belgium,https://epistat.wiv-isp.be/covid/
2021-11-25,17080315,8821402,8676283,1367675,"Johnson&Johnson, Moderna, Oxford/AstraZeneca, Pfizer/BioNTech",Belgium,https://epistat.wiv-isp.be/covid/
