date,total_vaccinations,people_fully_vaccinated,people_vaccinated,total_boosters,location,source_url,vaccine
2021-01-17,11705,,11705.0,,Malta,https://github.com/COVID19-Malta/COVID19-Cases,Pfizer/BioNTech
2021-01-18,13002,,13002.0,,Malta,https://github.com/COVID19-Malta/COVID19-Cases,Pfizer/BioNTech
2021-01-19,14276,,14276.0,,Malta,https://github.com/COVID19-Malta/COVID19-Cases,Pfizer/BioNTech
2021-01-20,15316,,15316.0,,Malta,https://github.com/COVID19-Malta/COVID19-Cases,Pfizer/BioNTech
2021-01-21,16531,,16531.0,,Malta,https://github.com/COVID19-Malta/COVID19-Cases,Pfizer/BioNTech
2021-01-22,17767,,17767.0,,Malta,https://github.com/COVID19-Malta/COVID19-Cases,Pfizer/BioNTech
2021-01-24,19981,1198.0,18783.0,,Malta,https://github.com/COVID19-Malta/COVID19-Cases,Pfizer/BioNTech
2021-01-25,21172,1463.0,19709.0,,Malta,https://github.com/COVID19-Malta/COVID19-Cases,Pfizer/BioNTech
2021-01-26,22371,1694.0,20677.0,,Malta,https://github.com/COVID19-Malta/COVID19-Cases,Pfizer/BioNTech
2021-01-27,23512,2095.0,21417.0,,Malta,https://github.com/COVID19-Malta/COVID19-Cases,Pfizer/BioNTech
2021-01-28,24680,2518.0,22162.0,,Malta,https://github.com/COVID19-Malta/COVID19-Cases,Pfizer/BioNTech
2021-01-29,25822,2969.0,22853.0,,Malta,https://github.com/COVID19-Malta/COVID19-Cases,Pfizer/BioNTech
2021-01-30,26847,3456.0,23391.0,,Malta,https://github.com/COVID19-Malta/COVID19-Cases,Pfizer/BioNTech
2021-01-31,27759,3948.0,23811.0,,Malta,https://github.com/COVID19-Malta/COVID19-Cases,Pfizer/BioNTech
2021-02-01,29002,4476.0,24526.0,,Malta,https://github.com/COVID19-Malta/COVID19-Cases,Pfizer/BioNTech
2021-02-02,30252,4891.0,25361.0,,Malta,https://github.com/COVID19-Malta/COVID19-Cases,Pfizer/BioNTech
2021-02-03,31633,5410.0,26223.0,,Malta,https://github.com/COVID19-Malta/COVID19-Cases,"Moderna, Pfizer/BioNTech"
2021-02-04,33477,6457.0,27020.0,,Malta,https://github.com/COVID19-Malta/COVID19-Cases,"Moderna, Pfizer/BioNTech"
2021-02-05,35676,7594.0,28082.0,,Malta,https://github.com/COVID19-Malta/COVID19-Cases,"Moderna, Pfizer/BioNTech"
2021-02-06,37586,8749.0,28837.0,,Malta,https://github.com/COVID19-Malta/COVID19-Cases,"Moderna, Pfizer/BioNTech"
2021-02-07,39257,9918.0,29339.0,,Malta,https://github.com/COVID19-Malta/COVID19-Cases,"Moderna, Pfizer/BioNTech"
2021-02-08,41285,11050.0,30235.0,,Malta,https://github.com/COVID19-Malta/COVID19-Cases,"Moderna, Pfizer/BioNTech"
2021-02-09,43337,12135.0,31202.0,,Malta,https://github.com/COVID19-Malta/COVID19-Cases,"Moderna, Pfizer/BioNTech"
2021-02-10,44598,12928.0,31670.0,,Malta,https://github.com/COVID19-Malta/COVID19-Cases,"Moderna, Oxford/AstraZeneca, Pfizer/BioNTech"
2021-02-11,46344,13820.0,32524.0,,Malta,https://github.com/COVID19-Malta/COVID19-Cases,"Moderna, Oxford/AstraZeneca, Pfizer/BioNTech"
2021-02-12,48474,14739.0,33735.0,,Malta,https://github.com/COVID19-Malta/COVID19-Cases,"Moderna, Oxford/AstraZeneca, Pfizer/BioNTech"
2021-02-13,50175,15601.0,34574.0,,Malta,https://github.com/COVID19-Malta/COVID19-Cases,"Moderna, Oxford/AstraZeneca, Pfizer/BioNTech"
2021-02-14,51641,16265.0,35376.0,,Malta,https://github.com/COVID19-Malta/COVID19-Cases,"Moderna, Oxford/AstraZeneca, Pfizer/BioNTech"
2021-02-15,53647,17102.0,36545.0,,Malta,https://github.com/COVID19-Malta/COVID19-Cases,"Moderna, Oxford/AstraZeneca, Pfizer/BioNTech"
2021-02-16,55709,17843.0,37866.0,,Malta,https://github.com/COVID19-Malta/COVID19-Cases,"Moderna, Oxford/AstraZeneca, Pfizer/BioNTech"
2021-02-17,57683,18536.0,39147.0,,Malta,https://github.com/COVID19-Malta/COVID19-Cases,"Moderna, Oxford/AstraZeneca, Pfizer/BioNTech"
2021-02-18,59702,19199.0,40503.0,,Malta,https://github.com/COVID19-Malta/COVID19-Cases,"Moderna, Oxford/AstraZeneca, Pfizer/BioNTech"
2021-02-19,62059,19828.0,42231.0,,Malta,https://github.com/COVID19-Malta/COVID19-Cases,"Moderna, Oxford/AstraZeneca, Pfizer/BioNTech"
2021-02-20,63308,20189.0,43119.0,,Malta,https://github.com/COVID19-Malta/COVID19-Cases,"Moderna, Oxford/AstraZeneca, Pfizer/BioNTech"
2021-02-21,64419,20531.0,43888.0,,Malta,https://github.com/COVID19-Malta/COVID19-Cases,"Moderna, Oxford/AstraZeneca, Pfizer/BioNTech"
2021-02-22,66334,21160.0,45174.0,,Malta,https://github.com/COVID19-Malta/COVID19-Cases,"Moderna, Oxford/AstraZeneca, Pfizer/BioNTech"
2021-02-23,68779,21767.0,47012.0,,Malta,https://github.com/COVID19-Malta/COVID19-Cases,"Moderna, Oxford/AstraZeneca, Pfizer/BioNTech"
2021-02-24,71562,22501.0,49061.0,,Malta,https://github.com/COVID19-Malta/COVID19-Cases,"Moderna, Oxford/AstraZeneca, Pfizer/BioNTech"
2021-02-25,73644,23395.0,50249.0,,Malta,https://github.com/COVID19-Malta/COVID19-Cases,"Moderna, Oxford/AstraZeneca, Pfizer/BioNTech"
2021-02-26,76159,25118.0,51041.0,,Malta,https://github.com/COVID19-Malta/COVID19-Cases,"Moderna, Oxford/AstraZeneca, Pfizer/BioNTech"
2021-02-27,77967,26781.0,51186.0,,Malta,https://github.com/COVID19-Malta/COVID19-Cases,"Moderna, Oxford/AstraZeneca, Pfizer/BioNTech"
2021-02-28,79624,28048.0,51576.0,,Malta,https://github.com/COVID19-Malta/COVID19-Cases,"Moderna, Oxford/AstraZeneca, Pfizer/BioNTech"
2021-03-01,81883,29021.0,52862.0,,Malta,https://github.com/COVID19-Malta/COVID19-Cases,"Moderna, Oxford/AstraZeneca, Pfizer/BioNTech"
2021-03-02,84129,29748.0,54381.0,,Malta,https://github.com/COVID19-Malta/COVID19-Cases,"Moderna, Oxford/AstraZeneca, Pfizer/BioNTech"
2021-03-03,86854,30329.0,56525.0,,Malta,https://github.com/COVID19-Malta/COVID19-Cases,"Moderna, Oxford/AstraZeneca, Pfizer/BioNTech"
2021-03-04,89946,31034.0,58912.0,,Malta,https://github.com/COVID19-Malta/COVID19-Cases,"Moderna, Oxford/AstraZeneca, Pfizer/BioNTech"
2021-03-05,92806,31710.0,61096.0,,Malta,https://github.com/COVID19-Malta/COVID19-Cases,"Moderna, Oxford/AstraZeneca, Pfizer/BioNTech"
2021-03-06,95899,32420.0,63479.0,,Malta,https://github.com/COVID19-Malta/COVID19-Cases,"Moderna, Oxford/AstraZeneca, Pfizer/BioNTech"
2021-03-07,97864,32862.0,65002.0,,Malta,https://github.com/COVID19-Malta/COVID19-Cases,"Moderna, Oxford/AstraZeneca, Pfizer/BioNTech"
2021-03-08,101776,34181.0,67595.0,,Malta,https://github.com/COVID19-Malta/COVID19-Cases,"Moderna, Oxford/AstraZeneca, Pfizer/BioNTech"
2021-03-09,105416,35093.0,70323.0,,Malta,https://github.com/COVID19-Malta/COVID19-Cases,"Moderna, Oxford/AstraZeneca, Pfizer/BioNTech"
2021-03-10,108971,36246.0,72725.0,,Malta,https://github.com/COVID19-Malta/COVID19-Cases,"Moderna, Oxford/AstraZeneca, Pfizer/BioNTech"
2021-03-11,113258,37182.0,76076.0,,Malta,https://github.com/COVID19-Malta/COVID19-Cases,"Moderna, Oxford/AstraZeneca, Pfizer/BioNTech"
2021-03-12,117121,38333.0,78788.0,,Malta,https://github.com/COVID19-Malta/COVID19-Cases,"Moderna, Oxford/AstraZeneca, Pfizer/BioNTech"
2021-03-13,120073,39099.0,80974.0,,Malta,https://github.com/COVID19-Malta/COVID19-Cases,"Moderna, Oxford/AstraZeneca, Pfizer/BioNTech"
2021-03-14,122366,39695.0,82671.0,,Malta,https://github.com/COVID19-Malta/COVID19-Cases,"Moderna, Oxford/AstraZeneca, Pfizer/BioNTech"
2021-03-15,126277,40681.0,85596.0,,Malta,https://github.com/COVID19-Malta/COVID19-Cases,"Moderna, Oxford/AstraZeneca, Pfizer/BioNTech"
2021-03-16,130861,40859.0,90002.0,,Malta,https://github.com/COVID19-Malta/COVID19-Cases,"Moderna, Oxford/AstraZeneca, Pfizer/BioNTech"
2021-03-17,133871,41621.0,92250.0,,Malta,https://github.com/COVID19-Malta/COVID19-Cases,"Moderna, Oxford/AstraZeneca, Pfizer/BioNTech"
2021-03-18,138264,42557.0,95707.0,,Malta,https://github.com/COVID19-Malta/COVID19-Cases,"Moderna, Oxford/AstraZeneca, Pfizer/BioNTech"
2021-03-19,140331,43267.0,97064.0,,Malta,https://github.com/COVID19-Malta/COVID19-Cases,"Moderna, Oxford/AstraZeneca, Pfizer/BioNTech"
2021-03-20,143169,43919.0,99250.0,,Malta,https://github.com/COVID19-Malta/COVID19-Cases,"Moderna, Oxford/AstraZeneca, Pfizer/BioNTech"
2021-03-21,145934,44483.0,101451.0,,Malta,https://github.com/COVID19-Malta/COVID19-Cases,"Moderna, Oxford/AstraZeneca, Pfizer/BioNTech"
2021-03-22,150897,45286.0,105611.0,,Malta,https://github.com/COVID19-Malta/COVID19-Cases,"Moderna, Oxford/AstraZeneca, Pfizer/BioNTech"
2021-03-23,155678,46140.0,109538.0,,Malta,https://github.com/COVID19-Malta/COVID19-Cases,"Moderna, Oxford/AstraZeneca, Pfizer/BioNTech"
2021-03-24,160260,47081.0,113179.0,,Malta,https://github.com/COVID19-Malta/COVID19-Cases,"Moderna, Oxford/AstraZeneca, Pfizer/BioNTech"
2021-03-25,166104,48933.0,117171.0,,Malta,https://github.com/COVID19-Malta/COVID19-Cases,"Moderna, Oxford/AstraZeneca, Pfizer/BioNTech"
2021-03-26,171873,50050.0,121823.0,,Malta,https://github.com/COVID19-Malta/COVID19-Cases,"Moderna, Oxford/AstraZeneca, Pfizer/BioNTech"
2021-03-27,176612,50557.0,126055.0,,Malta,https://github.com/COVID19-Malta/COVID19-Cases,"Moderna, Oxford/AstraZeneca, Pfizer/BioNTech"
2021-03-28,180587,51237.0,129350.0,,Malta,https://github.com/COVID19-Malta/COVID19-Cases,"Moderna, Oxford/AstraZeneca, Pfizer/BioNTech"
2021-03-29,186111,52340.0,133771.0,,Malta,https://github.com/COVID19-Malta/COVID19-Cases,"Moderna, Oxford/AstraZeneca, Pfizer/BioNTech"
2021-03-30,191716,53540.0,138176.0,,Malta,https://github.com/COVID19-Malta/COVID19-Cases,"Moderna, Oxford/AstraZeneca, Pfizer/BioNTech"
2021-03-31,197383,54578.0,142805.0,,Malta,https://github.com/COVID19-Malta/COVID19-Cases,"Moderna, Oxford/AstraZeneca, Pfizer/BioNTech"
2021-04-01,203553,55597.0,147956.0,,Malta,https://github.com/COVID19-Malta/COVID19-Cases,"Moderna, Oxford/AstraZeneca, Pfizer/BioNTech"
2021-04-02,209065,57123.0,151942.0,,Malta,https://github.com/COVID19-Malta/COVID19-Cases,"Moderna, Oxford/AstraZeneca, Pfizer/BioNTech"
2021-04-03,212466,58004.0,154462.0,,Malta,https://github.com/COVID19-Malta/COVID19-Cases,"Moderna, Oxford/AstraZeneca, Pfizer/BioNTech"
2021-04-04,215700,59032.0,156668.0,,Malta,https://github.com/COVID19-Malta/COVID19-Cases,"Moderna, Oxford/AstraZeneca, Pfizer/BioNTech"
2021-04-05,219161,60096.0,159065.0,,Malta,https://github.com/COVID19-Malta/COVID19-Cases,"Moderna, Oxford/AstraZeneca, Pfizer/BioNTech"
2021-04-06,223020,61111.0,161909.0,,Malta,https://github.com/COVID19-Malta/COVID19-Cases,"Moderna, Oxford/AstraZeneca, Pfizer/BioNTech"
2021-04-07,227606,63114.0,164492.0,,Malta,https://github.com/COVID19-Malta/COVID19-Cases,"Moderna, Oxford/AstraZeneca, Pfizer/BioNTech"
2021-04-08,232335,65205.0,167130.0,,Malta,https://github.com/COVID19-Malta/COVID19-Cases,"Moderna, Oxford/AstraZeneca, Pfizer/BioNTech"
2021-04-09,237806,67491.0,170315.0,,Malta,https://github.com/COVID19-Malta/COVID19-Cases,"Moderna, Oxford/AstraZeneca, Pfizer/BioNTech"
2021-04-10,240984,69306.0,171678.0,,Malta,https://github.com/COVID19-Malta/COVID19-Cases,"Moderna, Oxford/AstraZeneca, Pfizer/BioNTech"
2021-04-11,244718,71481.0,173237.0,,Malta,https://github.com/COVID19-Malta/COVID19-Cases,"Moderna, Oxford/AstraZeneca, Pfizer/BioNTech"
2021-04-12,249400,74053.0,175347.0,,Malta,https://github.com/COVID19-Malta/COVID19-Cases,"Moderna, Oxford/AstraZeneca, Pfizer/BioNTech"
2021-04-13,254885,76593.0,178292.0,,Malta,https://github.com/COVID19-Malta/COVID19-Cases,"Moderna, Oxford/AstraZeneca, Pfizer/BioNTech"
2021-04-14,259272,78139.0,181133.0,,Malta,https://github.com/COVID19-Malta/COVID19-Cases,"Moderna, Oxford/AstraZeneca, Pfizer/BioNTech"
2021-04-15,264658,80671.0,183987.0,,Malta,https://github.com/COVID19-Malta/COVID19-Cases,"Moderna, Oxford/AstraZeneca, Pfizer/BioNTech"
2021-04-16,269763,82486.0,187277.0,,Malta,https://github.com/COVID19-Malta/COVID19-Cases,"Moderna, Oxford/AstraZeneca, Pfizer/BioNTech"
2021-04-17,274641,84152.0,190489.0,,Malta,https://github.com/COVID19-Malta/COVID19-Cases,"Moderna, Oxford/AstraZeneca, Pfizer/BioNTech"
2021-04-18,276516,84933.0,191583.0,,Malta,https://github.com/COVID19-Malta/COVID19-Cases,"Moderna, Oxford/AstraZeneca, Pfizer/BioNTech"
2021-04-19,282841,87770.0,195071.0,,Malta,https://github.com/COVID19-Malta/COVID19-Cases,"Moderna, Oxford/AstraZeneca, Pfizer/BioNTech"
2021-04-20,288797,90173.0,198624.0,,Malta,https://github.com/COVID19-Malta/COVID19-Cases,"Moderna, Oxford/AstraZeneca, Pfizer/BioNTech"
2021-04-21,295587,93727.0,201860.0,,Malta,https://github.com/COVID19-Malta/COVID19-Cases,"Moderna, Oxford/AstraZeneca, Pfizer/BioNTech"
2021-04-22,301594,96631.0,204963.0,,Malta,https://github.com/COVID19-Malta/COVID19-Cases,"Moderna, Oxford/AstraZeneca, Pfizer/BioNTech"
2021-04-23,307636,98677.0,208959.0,,Malta,https://github.com/COVID19-Malta/COVID19-Cases,"Moderna, Oxford/AstraZeneca, Pfizer/BioNTech"
2021-04-24,311559,99574.0,211985.0,,Malta,https://github.com/COVID19-Malta/COVID19-Cases,"Moderna, Oxford/AstraZeneca, Pfizer/BioNTech"
2021-04-25,313279,100686.0,212593.0,,Malta,https://github.com/COVID19-Malta/COVID19-Cases,"Moderna, Oxford/AstraZeneca, Pfizer/BioNTech"
2021-04-26,318706,102535.0,216171.0,,Malta,https://github.com/COVID19-Malta/COVID19-Cases,"Moderna, Oxford/AstraZeneca, Pfizer/BioNTech"
2021-04-27,323324,103882.0,219442.0,,Malta,https://github.com/COVID19-Malta/COVID19-Cases,"Moderna, Oxford/AstraZeneca, Pfizer/BioNTech"
2021-04-28,326934,104464.0,222470.0,,Malta,https://github.com/COVID19-Malta/COVID19-Cases,"Moderna, Oxford/AstraZeneca, Pfizer/BioNTech"
2021-04-29,331438,105628.0,225810.0,,Malta,https://github.com/COVID19-Malta/COVID19-Cases,"Moderna, Oxford/AstraZeneca, Pfizer/BioNTech"
2021-04-30,335848,107038.0,228810.0,,Malta,https://github.com/COVID19-Malta/COVID19-Cases,"Moderna, Oxford/AstraZeneca, Pfizer/BioNTech"
2021-05-01,339727,108216.0,231511.0,,Malta,https://github.com/COVID19-Malta/COVID19-Cases,"Moderna, Oxford/AstraZeneca, Pfizer/BioNTech"
2021-05-02,341909,108716.0,233193.0,,Malta,https://github.com/COVID19-Malta/COVID19-Cases,"Moderna, Oxford/AstraZeneca, Pfizer/BioNTech"
2021-05-03,346951,109933.0,237018.0,,Malta,https://github.com/COVID19-Malta/COVID19-Cases,"Moderna, Oxford/AstraZeneca, Pfizer/BioNTech"
2021-05-04,352421,111318.0,241103.0,,Malta,https://github.com/COVID19-Malta/COVID19-Cases,"Moderna, Oxford/AstraZeneca, Pfizer/BioNTech"
2021-05-05,359429,112731.0,246698.0,,Malta,https://github.com/COVID19-Malta/COVID19-Cases,"Moderna, Oxford/AstraZeneca, Pfizer/BioNTech"
2021-05-06,365902,115333.0,251787.0,,Malta,https://github.com/COVID19-Malta/COVID19-Cases,"Johnson&Johnson, Moderna, Oxford/AstraZeneca, Pfizer/BioNTech"
2021-05-07,372620,118209.0,255633.0,,Malta,https://github.com/COVID19-Malta/COVID19-Cases,"Johnson&Johnson, Moderna, Oxford/AstraZeneca, Pfizer/BioNTech"
2021-05-08,375986,119427.0,257781.0,,Malta,https://github.com/COVID19-Malta/COVID19-Cases,"Johnson&Johnson, Moderna, Oxford/AstraZeneca, Pfizer/BioNTech"
2021-05-09,379951,121185.0,258766.0,,Malta,https://github.com/COVID19-Malta/COVID19-Cases,"Johnson&Johnson, Moderna, Oxford/AstraZeneca, Pfizer/BioNTech"
2021-05-10,386760,123843.0,265361.0,,Malta,https://github.com/COVID19-Malta/COVID19-Cases,"Johnson&Johnson, Moderna, Oxford/AstraZeneca, Pfizer/BioNTech"
2021-05-11,392929,127255.0,268118.0,,Malta,https://github.com/COVID19-Malta/COVID19-Cases,"Johnson&Johnson, Moderna, Oxford/AstraZeneca, Pfizer/BioNTech"
2021-05-12,400118,130537.0,272025.0,,Malta,https://github.com/COVID19-Malta/COVID19-Cases,"Johnson&Johnson, Moderna, Oxford/AstraZeneca, Pfizer/BioNTech"
2021-05-13,406921,133332.0,276041.0,,Malta,https://github.com/COVID19-Malta/COVID19-Cases,"Johnson&Johnson, Moderna, Oxford/AstraZeneca, Pfizer/BioNTech"
2021-05-14,414632,136975.0,280134.0,,Malta,https://github.com/COVID19-Malta/COVID19-Cases,"Johnson&Johnson, Moderna, Oxford/AstraZeneca, Pfizer/BioNTech"
2021-05-15,420815,141143.0,283229.0,,Malta,https://github.com/COVID19-Malta/COVID19-Cases,"Johnson&Johnson, Moderna, Oxford/AstraZeneca, Pfizer/BioNTech"
2021-05-16,424325,143487.0,284395.0,,Malta,https://github.com/COVID19-Malta/COVID19-Cases,"Johnson&Johnson, Moderna, Oxford/AstraZeneca, Pfizer/BioNTech"
2021-05-17,430508,147667.0,286709.0,,Malta,https://github.com/COVID19-Malta/COVID19-Cases,"Johnson&Johnson, Moderna, Oxford/AstraZeneca, Pfizer/BioNTech"
2021-05-18,437654,152581.0,289855.0,,Malta,https://github.com/COVID19-Malta/COVID19-Cases,"Johnson&Johnson, Moderna, Oxford/AstraZeneca, Pfizer/BioNTech"
2021-05-19,445830,158489.0,293178.0,,Malta,https://github.com/COVID19-Malta/COVID19-Cases,"Johnson&Johnson, Moderna, Oxford/AstraZeneca, Pfizer/BioNTech"
2021-05-20,453711,164113.0,296548.0,,Malta,https://github.com/COVID19-Malta/COVID19-Cases,"Johnson&Johnson, Moderna, Oxford/AstraZeneca, Pfizer/BioNTech"
2021-05-21,461215,169177.0,299549.0,,Malta,https://github.com/COVID19-Malta/COVID19-Cases,"Johnson&Johnson, Moderna, Oxford/AstraZeneca, Pfizer/BioNTech"
2021-05-22,468829,175246.0,301274.0,,Malta,https://github.com/COVID19-Malta/COVID19-Cases,"Johnson&Johnson, Moderna, Oxford/AstraZeneca, Pfizer/BioNTech"
2021-05-23,474475,180243.0,302933.0,,Malta,https://github.com/COVID19-Malta/COVID19-Cases,"Johnson&Johnson, Moderna, Oxford/AstraZeneca, Pfizer/BioNTech"
2021-05-24,482577,183556.0,308002.0,,Malta,https://github.com/COVID19-Malta/COVID19-Cases,"Johnson&Johnson, Moderna, Oxford/AstraZeneca, Pfizer/BioNTech"
2021-05-25,490524,189055.0,310403.0,,Malta,https://github.com/COVID19-Malta/COVID19-Cases,"Johnson&Johnson, Moderna, Oxford/AstraZeneca, Pfizer/BioNTech"
2021-05-26,498726,195856.0,311903.0,,Malta,https://github.com/COVID19-Malta/COVID19-Cases,"Johnson&Johnson, Moderna, Oxford/AstraZeneca, Pfizer/BioNTech"
2021-05-27,505100,200199.0,314030.0,,Malta,https://github.com/COVID19-Malta/COVID19-Cases,"Johnson&Johnson, Moderna, Oxford/AstraZeneca, Pfizer/BioNTech"
2021-05-28,509312,202795.0,315748.0,,Malta,https://github.com/COVID19-Malta/COVID19-Cases,"Johnson&Johnson, Moderna, Oxford/AstraZeneca, Pfizer/BioNTech"
2021-05-29,512214,205221.0,316224.0,,Malta,https://github.com/COVID19-Malta/COVID19-Cases,"Johnson&Johnson, Moderna, Oxford/AstraZeneca, Pfizer/BioNTech"
2021-05-30,515662,208118.0,316747.0,,Malta,https://github.com/COVID19-Malta/COVID19-Cases,"Johnson&Johnson, Moderna, Oxford/AstraZeneca, Pfizer/BioNTech"
2021-05-31,519994,210486.0,318743.0,,Malta,https://github.com/COVID19-Malta/COVID19-Cases,"Johnson&Johnson, Moderna, Oxford/AstraZeneca, Pfizer/BioNTech"
2021-06-01,528592,218321.0,319574.0,,Malta,https://github.com/COVID19-Malta/COVID19-Cases,"Johnson&Johnson, Moderna, Oxford/AstraZeneca, Pfizer/BioNTech"
2021-06-02,534639,221595.0,322359.0,,Malta,https://github.com/COVID19-Malta/COVID19-Cases,"Johnson&Johnson, Moderna, Oxford/AstraZeneca, Pfizer/BioNTech"
2021-06-03,541178,226341.0,324295.0,,Malta,https://github.com/COVID19-Malta/COVID19-Cases,"Johnson&Johnson, Moderna, Oxford/AstraZeneca, Pfizer/BioNTech"
2021-06-04,546637,230594.0,325511.0,,Malta,https://github.com/COVID19-Malta/COVID19-Cases,"Johnson&Johnson, Moderna, Oxford/AstraZeneca, Pfizer/BioNTech"
2021-06-05,551494,233826.0,327155.0,,Malta,https://github.com/COVID19-Malta/COVID19-Cases,"Johnson&Johnson, Moderna, Oxford/AstraZeneca, Pfizer/BioNTech"
2021-06-06,553814,235133.0,328168.0,,Malta,https://github.com/COVID19-Malta/COVID19-Cases,"Johnson&Johnson, Moderna, Oxford/AstraZeneca, Pfizer/BioNTech"
2021-06-07,558320,238807.0,329000.0,,Malta,https://github.com/COVID19-Malta/COVID19-Cases,"Johnson&Johnson, Moderna, Oxford/AstraZeneca, Pfizer/BioNTech"
2021-06-08,564718,243252.0,330970.0,,Malta,https://github.com/COVID19-Malta/COVID19-Cases,"Johnson&Johnson, Moderna, Oxford/AstraZeneca, Pfizer/BioNTech"
2021-06-09,570513,246964.0,333197.0,,Malta,https://github.com/COVID19-Malta/COVID19-Cases,"Johnson&Johnson, Moderna, Oxford/AstraZeneca, Pfizer/BioNTech"
2021-06-10,576256,251553.0,334367.0,,Malta,https://github.com/COVID19-Malta/COVID19-Cases,"Johnson&Johnson, Moderna, Oxford/AstraZeneca, Pfizer/BioNTech"
2021-06-11,582206,256079.0,335791.0,,Malta,https://github.com/COVID19-Malta/COVID19-Cases,"Johnson&Johnson, Moderna, Oxford/AstraZeneca, Pfizer/BioNTech"
2021-06-12,587160,258929.0,339176.0,,Malta,https://github.com/COVID19-Malta/COVID19-Cases,"Johnson&Johnson, Moderna, Oxford/AstraZeneca, Pfizer/BioNTech"
2021-06-13,589507,260424.0,340028.0,,Malta,https://github.com/COVID19-Malta/COVID19-Cases,"Johnson&Johnson, Moderna, Oxford/AstraZeneca, Pfizer/BioNTech"
2021-06-14,596074,265090.0,341941.0,,Malta,https://github.com/COVID19-Malta/COVID19-Cases,"Johnson&Johnson, Moderna, Oxford/AstraZeneca, Pfizer/BioNTech"
2021-06-15,604033,270754.0,344272.0,,Malta,https://github.com/COVID19-Malta/COVID19-Cases,"Johnson&Johnson, Moderna, Oxford/AstraZeneca, Pfizer/BioNTech"
2021-06-16,609867,274321.0,346576.0,,Malta,https://github.com/COVID19-Malta/COVID19-Cases,"Johnson&Johnson, Moderna, Oxford/AstraZeneca, Pfizer/BioNTech"
2021-06-17,616102,278588.0,348633.0,,Malta,https://github.com/COVID19-Malta/COVID19-Cases,"Johnson&Johnson, Moderna, Oxford/AstraZeneca, Pfizer/BioNTech"
2021-06-18,621674,282709.0,350092.0,,Malta,https://github.com/COVID19-Malta/COVID19-Cases,"Johnson&Johnson, Moderna, Oxford/AstraZeneca, Pfizer/BioNTech"
2021-06-19,625844,285817.0,351962.0,,Malta,https://github.com/COVID19-Malta/COVID19-Cases,"Johnson&Johnson, Moderna, Oxford/AstraZeneca, Pfizer/BioNTech"
2021-06-20,628735,288195.0,352478.0,,Malta,https://github.com/COVID19-Malta/COVID19-Cases,"Johnson&Johnson, Moderna, Oxford/AstraZeneca, Pfizer/BioNTech"
2021-06-21,631446,290280.0,353164.0,,Malta,https://github.com/COVID19-Malta/COVID19-Cases,"Johnson&Johnson, Moderna, Oxford/AstraZeneca, Pfizer/BioNTech"
2021-06-22,636059,294650.0,353584.0,,Malta,https://github.com/COVID19-Malta/COVID19-Cases,"Johnson&Johnson, Moderna, Oxford/AstraZeneca, Pfizer/BioNTech"
2021-06-23,640729,299151.0,353895.0,,Malta,https://github.com/COVID19-Malta/COVID19-Cases,"Johnson&Johnson, Moderna, Oxford/AstraZeneca, Pfizer/BioNTech"
2021-06-24,646651,303939.0,355100.0,,Malta,https://github.com/COVID19-Malta/COVID19-Cases,"Johnson&Johnson, Moderna, Oxford/AstraZeneca, Pfizer/BioNTech"
2021-06-25,650411,307591.0,355277.0,,Malta,https://github.com/COVID19-Malta/COVID19-Cases,"Johnson&Johnson, Moderna, Oxford/AstraZeneca, Pfizer/BioNTech"
2021-06-26,653005,309871.0,356128.0,,Malta,https://github.com/COVID19-Malta/COVID19-Cases,"Johnson&Johnson, Moderna, Oxford/AstraZeneca, Pfizer/BioNTech"
2021-06-27,654649,311453.0,356209.0,,Malta,https://github.com/COVID19-Malta/COVID19-Cases,"Johnson&Johnson, Moderna, Oxford/AstraZeneca, Pfizer/BioNTech"
2021-06-28,659488,315768.0,357171.0,,Malta,https://github.com/COVID19-Malta/COVID19-Cases,"Johnson&Johnson, Moderna, Oxford/AstraZeneca, Pfizer/BioNTech"
2021-06-29,664859,320604.0,358168.0,,Malta,https://github.com/COVID19-Malta/COVID19-Cases,"Johnson&Johnson, Moderna, Oxford/AstraZeneca, Pfizer/BioNTech"
2021-06-30,670759,325891.0,359169.0,,Malta,https://github.com/COVID19-Malta/COVID19-Cases,"Johnson&Johnson, Moderna, Oxford/AstraZeneca, Pfizer/BioNTech"
2021-07-01,675014,328960.0,360364.0,,Malta,https://github.com/COVID19-Malta/COVID19-Cases,"Johnson&Johnson, Moderna, Oxford/AstraZeneca, Pfizer/BioNTech"
2021-07-02,679538,332650.0,361287.0,,Malta,https://github.com/COVID19-Malta/COVID19-Cases,"Johnson&Johnson, Moderna, Oxford/AstraZeneca, Pfizer/BioNTech"
2021-07-03,682731,335153.0,362262.0,,Malta,https://github.com/COVID19-Malta/COVID19-Cases,"Johnson&Johnson, Moderna, Oxford/AstraZeneca, Pfizer/BioNTech"
2021-07-04,685024,336800.0,362986.0,,Malta,https://github.com/COVID19-Malta/COVID19-Cases,"Johnson&Johnson, Moderna, Oxford/AstraZeneca, Pfizer/BioNTech"
2021-07-05,689924,340423.0,364277.0,,Malta,https://github.com/COVID19-Malta/COVID19-Cases,"Johnson&Johnson, Moderna, Oxford/AstraZeneca, Pfizer/BioNTech"
2021-07-06,692581,341765.0,365611.0,,Malta,https://github.com/COVID19-Malta/COVID19-Cases,"Johnson&Johnson, Moderna, Oxford/AstraZeneca, Pfizer/BioNTech"
2021-07-07,696858,344666.0,367086.0,,Malta,https://github.com/COVID19-Malta/COVID19-Cases,"Johnson&Johnson, Moderna, Oxford/AstraZeneca, Pfizer/BioNTech"
2021-07-08,700180,346739.0,368449.0,,Malta,https://github.com/COVID19-Malta/COVID19-Cases,"Johnson&Johnson, Moderna, Oxford/AstraZeneca, Pfizer/BioNTech"
2021-07-09,703928,349133.0,369854.0,,Malta,https://github.com/COVID19-Malta/COVID19-Cases,"Johnson&Johnson, Moderna, Oxford/AstraZeneca, Pfizer/BioNTech"
2021-07-10,705852,349961.0,371421.0,,Malta,https://github.com/COVID19-Malta/COVID19-Cases,"Johnson&Johnson, Moderna, Oxford/AstraZeneca, Pfizer/BioNTech"
2021-07-11,706857,350338.0,372052.0,,Malta,https://github.com/COVID19-Malta/COVID19-Cases,"Johnson&Johnson, Moderna, Oxford/AstraZeneca, Pfizer/BioNTech"
2021-07-12,709131,351395.0,373349.0,,Malta,https://github.com/COVID19-Malta/COVID19-Cases,"Johnson&Johnson, Moderna, Oxford/AstraZeneca, Pfizer/BioNTech"
2021-07-13,711973,352523.0,375090.0,,Malta,https://github.com/COVID19-Malta/COVID19-Cases,"Johnson&Johnson, Moderna, Oxford/AstraZeneca, Pfizer/BioNTech"
2021-07-14,715447,353929.0,377373.0,,Malta,https://github.com/COVID19-Malta/COVID19-Cases,"Johnson&Johnson, Moderna, Oxford/AstraZeneca, Pfizer/BioNTech"
2021-07-15,718418,354985.0,379380.0,,Malta,https://github.com/COVID19-Malta/COVID19-Cases,"Johnson&Johnson, Moderna, Oxford/AstraZeneca, Pfizer/BioNTech"
2021-07-16,721415,355883.0,381764.0,,Malta,https://github.com/COVID19-Malta/COVID19-Cases,"Johnson&Johnson, Moderna, Oxford/AstraZeneca, Pfizer/BioNTech"
2021-07-17,723299,357236.0,383158.0,,Malta,https://github.com/COVID19-Malta/COVID19-Cases,"Johnson&Johnson, Moderna, Oxford/AstraZeneca, Pfizer/BioNTech"
2021-07-18,724343,357558.0,383867.0,,Malta,https://github.com/COVID19-Malta/COVID19-Cases,"Johnson&Johnson, Moderna, Oxford/AstraZeneca, Pfizer/BioNTech"
2021-07-19,728106,359042.0,386328.0,,Malta,https://github.com/COVID19-Malta/COVID19-Cases,"Johnson&Johnson, Moderna, Oxford/AstraZeneca, Pfizer/BioNTech"
2021-07-20,730483,360880.0,387329.0,,Malta,https://github.com/COVID19-Malta/COVID19-Cases,"Johnson&Johnson, Moderna, Oxford/AstraZeneca, Pfizer/BioNTech"
2021-07-21,733736,362923.0,389025.0,,Malta,https://github.com/COVID19-Malta/COVID19-Cases,"Johnson&Johnson, Moderna, Oxford/AstraZeneca, Pfizer/BioNTech"
2021-07-22,736727,364899.0,389263.0,,Malta,https://github.com/COVID19-Malta/COVID19-Cases,"Johnson&Johnson, Moderna, Oxford/AstraZeneca, Pfizer/BioNTech"
2021-07-23,742361,368587.0,392444.0,,Malta,https://github.com/COVID19-Malta/COVID19-Cases,"Johnson&Johnson, Moderna, Oxford/AstraZeneca, Pfizer/BioNTech"
2021-07-24,743712,369441.0,392994.0,,Malta,https://github.com/COVID19-Malta/COVID19-Cases,"Johnson&Johnson, Moderna, Oxford/AstraZeneca, Pfizer/BioNTech"
2021-07-25,744521,370187.0,393062.0,,Malta,https://github.com/COVID19-Malta/COVID19-Cases,"Johnson&Johnson, Moderna, Oxford/AstraZeneca, Pfizer/BioNTech"
2021-07-26,746883,371802.0,393967.0,,Malta,https://github.com/COVID19-Malta/COVID19-Cases,"Johnson&Johnson, Moderna, Oxford/AstraZeneca, Pfizer/BioNTech"
2021-07-27,750641,373771.0,396087.0,,Malta,https://github.com/COVID19-Malta/COVID19-Cases,"Johnson&Johnson, Moderna, Oxford/AstraZeneca, Pfizer/BioNTech"
2021-07-28,751546,375373.0,396686.0,,Malta,https://github.com/COVID19-Malta/COVID19-Cases,"Johnson&Johnson, Moderna, Oxford/AstraZeneca, Pfizer/BioNTech"
2021-07-29,755655,379016.0,398444.0,,Malta,https://github.com/COVID19-Malta/COVID19-Cases,"Johnson&Johnson, Moderna, Oxford/AstraZeneca, Pfizer/BioNTech"
2021-07-30,758252,380927.0,399261.0,,Malta,https://github.com/COVID19-Malta/COVID19-Cases,"Johnson&Johnson, Moderna, Oxford/AstraZeneca, Pfizer/BioNTech"
2021-07-31,759818,382255.0,399690.0,,Malta,https://github.com/COVID19-Malta/COVID19-Cases,"Johnson&Johnson, Moderna, Oxford/AstraZeneca, Pfizer/BioNTech"
2021-08-01,760417,382825.0,399724.0,,Malta,https://github.com/COVID19-Malta/COVID19-Cases,"Johnson&Johnson, Moderna, Oxford/AstraZeneca, Pfizer/BioNTech"
2021-08-02,762832,385049.0,400760.0,,Malta,https://github.com/COVID19-Malta/COVID19-Cases,"Johnson&Johnson, Moderna, Oxford/AstraZeneca, Pfizer/BioNTech"
2021-08-03,765417,387400.0,401644.0,,Malta,https://github.com/COVID19-Malta/COVID19-Cases,"Johnson&Johnson, Moderna, Oxford/AstraZeneca, Pfizer/BioNTech"
2021-08-04,767831,389610.0,402373.0,,Malta,https://github.com/COVID19-Malta/COVID19-Cases,"Johnson&Johnson, Moderna, Oxford/AstraZeneca, Pfizer/BioNTech"
2021-08-05,770496,392100.0,403261.0,,Malta,https://github.com/COVID19-Malta/COVID19-Cases,"Johnson&Johnson, Moderna, Oxford/AstraZeneca, Pfizer/BioNTech"
2021-08-06,773225,394589.0,404049.0,,Malta,https://github.com/COVID19-Malta/COVID19-Cases,"Johnson&Johnson, Moderna, Oxford/AstraZeneca, Pfizer/BioNTech"
2021-08-07,774250,395537.0,404419.0,,Malta,https://github.com/COVID19-Malta/COVID19-Cases,"Johnson&Johnson, Moderna, Oxford/AstraZeneca, Pfizer/BioNTech"
2021-08-08,774907,396160.0,404461.0,,Malta,https://github.com/COVID19-Malta/COVID19-Cases,"Johnson&Johnson, Moderna, Oxford/AstraZeneca, Pfizer/BioNTech"
2021-08-09,777181,398128.0,405073.0,,Malta,https://github.com/COVID19-Malta/COVID19-Cases,"Johnson&Johnson, Moderna, Oxford/AstraZeneca, Pfizer/BioNTech"
2021-08-10,778936,399769.0,405723.0,,Malta,https://github.com/COVID19-Malta/COVID19-Cases,"Johnson&Johnson, Moderna, Oxford/AstraZeneca, Pfizer/BioNTech"
2021-08-11,780770,401390.0,406414.0,,Malta,https://github.com/COVID19-Malta/COVID19-Cases,"Johnson&Johnson, Moderna, Oxford/AstraZeneca, Pfizer/BioNTech"
2021-08-12,782600,403015.0,407171.0,,Malta,https://github.com/COVID19-Malta/COVID19-Cases,"Johnson&Johnson, Moderna, Oxford/AstraZeneca, Pfizer/BioNTech"
2021-08-13,783983,404213.0,407679.0,,Malta,https://github.com/COVID19-Malta/COVID19-Cases,"Johnson&Johnson, Moderna, Oxford/AstraZeneca, Pfizer/BioNTech"
2021-08-14,784626,404679.0,407948.0,,Malta,https://github.com/COVID19-Malta/COVID19-Cases,"Johnson&Johnson, Moderna, Oxford/AstraZeneca, Pfizer/BioNTech"
2021-08-15,784729,404760.0,407985.0,,Malta,https://github.com/COVID19-Malta/COVID19-Cases,"Johnson&Johnson, Moderna, Oxford/AstraZeneca, Pfizer/BioNTech"
2021-08-16,786015,405578.0,408546.0,,Malta,https://github.com/COVID19-Malta/COVID19-Cases,"Johnson&Johnson, Moderna, Oxford/AstraZeneca, Pfizer/BioNTech"
2021-08-17,787194,406325.0,409095.0,,Malta,https://github.com/COVID19-Malta/COVID19-Cases,"Johnson&Johnson, Moderna, Oxford/AstraZeneca, Pfizer/BioNTech"
2021-08-18,788292,407154.0,409498.0,,Malta,https://github.com/COVID19-Malta/COVID19-Cases,"Johnson&Johnson, Moderna, Oxford/AstraZeneca, Pfizer/BioNTech"
2021-08-19,789540,408010.0,410087.0,,Malta,https://github.com/COVID19-Malta/COVID19-Cases,"Johnson&Johnson, Moderna, Oxford/AstraZeneca, Pfizer/BioNTech"
2021-08-20,790833,408885.0,410650.0,,Malta,https://github.com/COVID19-Malta/COVID19-Cases,"Johnson&Johnson, Moderna, Oxford/AstraZeneca, Pfizer/BioNTech"
2021-08-21,791240,409136.0,410856.0,,Malta,https://github.com/COVID19-Malta/COVID19-Cases,"Johnson&Johnson, Moderna, Oxford/AstraZeneca, Pfizer/BioNTech"
2021-08-22,791292,409183.0,410884.0,,Malta,https://github.com/COVID19-Malta/COVID19-Cases,"Johnson&Johnson, Moderna, Oxford/AstraZeneca, Pfizer/BioNTech"
2021-08-23,792173,409969.0,411306.0,,Malta,https://github.com/COVID19-Malta/COVID19-Cases,"Johnson&Johnson, Moderna, Oxford/AstraZeneca, Pfizer/BioNTech"
2021-08-24,793015,410532.0,411748.0,,Malta,https://github.com/COVID19-Malta/COVID19-Cases,"Johnson&Johnson, Moderna, Oxford/AstraZeneca, Pfizer/BioNTech"
2021-08-25,793866,411046.0,412239.0,,Malta,https://github.com/COVID19-Malta/COVID19-Cases,"Johnson&Johnson, Moderna, Oxford/AstraZeneca, Pfizer/BioNTech"
2021-08-26,794531,411422.0,412605.0,,Malta,https://github.com/COVID19-Malta/COVID19-Cases,"Johnson&Johnson, Moderna, Oxford/AstraZeneca, Pfizer/BioNTech"
2021-08-27,795190,411798.0,412948.0,,Malta,https://github.com/COVID19-Malta/COVID19-Cases,"Johnson&Johnson, Moderna, Oxford/AstraZeneca, Pfizer/BioNTech"
2021-08-28,795566,412002.0,413174.0,,Malta,https://github.com/COVID19-Malta/COVID19-Cases,"Johnson&Johnson, Moderna, Oxford/AstraZeneca, Pfizer/BioNTech"
2021-08-29,795649,412062.0,413205.0,,Malta,https://github.com/COVID19-Malta/COVID19-Cases,"Johnson&Johnson, Moderna, Oxford/AstraZeneca, Pfizer/BioNTech"
2021-08-30,796333,412419.0,413598.0,,Malta,https://github.com/COVID19-Malta/COVID19-Cases,"Johnson&Johnson, Moderna, Oxford/AstraZeneca, Pfizer/BioNTech"
2021-08-31,797017,412767.0,413985.0,,Malta,https://github.com/COVID19-Malta/COVID19-Cases,"Johnson&Johnson, Moderna, Oxford/AstraZeneca, Pfizer/BioNTech"
2021-09-01,797562,413041.0,414285.0,,Malta,https://github.com/COVID19-Malta/COVID19-Cases,"Johnson&Johnson, Moderna, Oxford/AstraZeneca, Pfizer/BioNTech"
2021-09-02,798068,413292.0,414557.0,,Malta,https://github.com/COVID19-Malta/COVID19-Cases,"Johnson&Johnson, Moderna, Oxford/AstraZeneca, Pfizer/BioNTech"
2021-09-03,798760,413600.0,415003.0,,Malta,https://github.com/COVID19-Malta/COVID19-Cases,"Johnson&Johnson, Moderna, Oxford/AstraZeneca, Pfizer/BioNTech"
2021-09-04,799148,413811.0,415210.0,,Malta,https://github.com/COVID19-Malta/COVID19-Cases,"Johnson&Johnson, Moderna, Oxford/AstraZeneca, Pfizer/BioNTech"
2021-09-05,799214,413844.0,415254.0,,Malta,https://github.com/COVID19-Malta/COVID19-Cases,"Johnson&Johnson, Moderna, Oxford/AstraZeneca, Pfizer/BioNTech"
2021-09-06,800572,414343.0,415622.0,530.0,Malta,https://github.com/COVID19-Malta/COVID19-Cases,"Johnson&Johnson, Moderna, Oxford/AstraZeneca, Pfizer/BioNTech"
2021-09-07,802042,414798.0,415931.0,1257.0,Malta,https://github.com/COVID19-Malta/COVID19-Cases,"Johnson&Johnson, Moderna, Oxford/AstraZeneca, Pfizer/BioNTech"
2021-09-08,802798,415251.0,416212.0,1320.0,Malta,https://github.com/COVID19-Malta/COVID19-Cases,"Johnson&Johnson, Moderna, Oxford/AstraZeneca, Pfizer/BioNTech"
2021-09-09,803975,415670.0,416519.0,1796.0,Malta,https://github.com/COVID19-Malta/COVID19-Cases,"Johnson&Johnson, Moderna, Oxford/AstraZeneca, Pfizer/BioNTech"
2021-09-10,804841,416104.0,416863.0,1938.0,Malta,https://github.com/COVID19-Malta/COVID19-Cases,"Johnson&Johnson, Moderna, Oxford/AstraZeneca, Pfizer/BioNTech"
2021-09-11,805439,416292.0,417009.0,2240.0,Malta,https://github.com/COVID19-Malta/COVID19-Cases,"Johnson&Johnson, Moderna, Oxford/AstraZeneca, Pfizer/BioNTech"
2021-09-12,805479,416314.0,417032.0,2240.0,Malta,https://github.com/COVID19-Malta/COVID19-Cases,"Johnson&Johnson, Moderna, Oxford/AstraZeneca, Pfizer/BioNTech"
2021-09-13,806726,416554.0,417356.0,2955.0,Malta,https://github.com/COVID19-Malta/COVID19-Cases,"Johnson&Johnson, Moderna, Oxford/AstraZeneca, Pfizer/BioNTech"
2021-09-14,807825,416849.0,417684.0,3468.0,Malta,https://github.com/COVID19-Malta/COVID19-Cases,"Johnson&Johnson, Moderna, Oxford/AstraZeneca, Pfizer/BioNTech"
2021-09-15,808968,417212.0,417959.0,4001.0,Malta,https://github.com/COVID19-Malta/COVID19-Cases,"Johnson&Johnson, Moderna, Oxford/AstraZeneca, Pfizer/BioNTech"
2021-09-16,810125,417636.0,418251.0,4477.0,Malta,https://github.com/COVID19-Malta/COVID19-Cases,"Johnson&Johnson, Moderna, Oxford/AstraZeneca, Pfizer/BioNTech"
2021-09-17,811183,418036.0,418618.0,4821.0,Malta,https://github.com/COVID19-Malta/COVID19-Cases,"Johnson&Johnson, Moderna, Oxford/AstraZeneca, Pfizer/BioNTech"
2021-09-18,811704,418230.0,418730.0,5059.0,Malta,https://github.com/COVID19-Malta/COVID19-Cases,"Johnson&Johnson, Moderna, Oxford/AstraZeneca, Pfizer/BioNTech"
2021-09-19,811753,418259.0,418759.0,5059.0,Malta,https://github.com/COVID19-Malta/COVID19-Cases,"Johnson&Johnson, Moderna, Oxford/AstraZeneca, Pfizer/BioNTech"
2021-09-20,812828,418647.0,419152.0,5389.0,Malta,https://github.com/COVID19-Malta/COVID19-Cases,"Johnson&Johnson, Moderna, Oxford/AstraZeneca, Pfizer/BioNTech"
2021-09-21,813115,418710.0,419333.0,5450.0,Malta,https://github.com/COVID19-Malta/COVID19-Cases,"Johnson&Johnson, Moderna, Oxford/AstraZeneca, Pfizer/BioNTech"
2021-09-22,814067,419078.0,419604.0,5798.0,Malta,https://github.com/COVID19-Malta/COVID19-Cases,"Johnson&Johnson, Moderna, Oxford/AstraZeneca, Pfizer/BioNTech"
2021-09-23,814957,419398.0,419848.0,6141.0,Malta,https://github.com/COVID19-Malta/COVID19-Cases,"Johnson&Johnson, Moderna, Oxford/AstraZeneca, Pfizer/BioNTech"
2021-09-24,816136,419919.0,420132.0,6552.0,Malta,https://github.com/COVID19-Malta/COVID19-Cases,"Johnson&Johnson, Moderna, Oxford/AstraZeneca, Pfizer/BioNTech"
2021-09-25,816727,420088.0,420211.0,6908.0,Malta,https://github.com/COVID19-Malta/COVID19-Cases,"Johnson&Johnson, Moderna, Oxford/AstraZeneca, Pfizer/BioNTech"
2021-09-26,816767,420111.0,420233.0,6908.0,Malta,https://github.com/COVID19-Malta/COVID19-Cases,"Johnson&Johnson, Moderna, Oxford/AstraZeneca, Pfizer/BioNTech"
2021-09-27,818593,420429.0,420499.0,8171.0,Malta,https://github.com/COVID19-Malta/COVID19-Cases,"Johnson&Johnson, Moderna, Oxford/AstraZeneca, Pfizer/BioNTech"
2021-10-08,838419,423445.0,423592.0,22611.0,Malta,https://github.com/COVID19-Malta/COVID19-Cases,"Johnson&Johnson, Moderna, Oxford/AstraZeneca, Pfizer/BioNTech"
2021-10-09,839636,423534.0,423816.0,23535.0,Malta,https://github.com/COVID19-Malta/COVID19-Cases,"Johnson&Johnson, Moderna, Oxford/AstraZeneca, Pfizer/BioNTech"
2021-10-10,840675,423566.0,423849.0,24518.0,Malta,https://github.com/COVID19-Malta/COVID19-Cases,"Johnson&Johnson, Moderna, Oxford/AstraZeneca, Pfizer/BioNTech"
2021-10-11,842643,423836.0,424134.0,25937.0,Malta,https://github.com/COVID19-Malta/COVID19-Cases,"Johnson&Johnson, Moderna, Oxford/AstraZeneca, Pfizer/BioNTech"
2021-10-12,844723,424045.0,424536.0,27409.0,Malta,https://github.com/COVID19-Malta/COVID19-Cases,"Johnson&Johnson, Moderna, Oxford/AstraZeneca, Pfizer/BioNTech"
2021-10-13,846671,424325.0,424892.0,28733.0,Malta,https://github.com/COVID19-Malta/COVID19-Cases,"Johnson&Johnson, Moderna, Oxford/AstraZeneca, Pfizer/BioNTech"
2021-10-14,848445,424538.0,425218.0,29990.0,Malta,https://github.com/COVID19-Malta/COVID19-Cases,"Johnson&Johnson, Moderna, Oxford/AstraZeneca, Pfizer/BioNTech"
2021-10-15,850536,424867.0,425522.0,31470.0,Malta,https://github.com/COVID19-Malta/COVID19-Cases,"Johnson&Johnson, Moderna, Oxford/AstraZeneca, Pfizer/BioNTech"
2021-10-16,852233,425020.0,425683.0,32904.0,Malta,https://github.com/COVID19-Malta/COVID19-Cases,"Johnson&Johnson, Moderna, Oxford/AstraZeneca, Pfizer/BioNTech"
2021-10-17,853683,425044.0,425719.0,34300.0,Malta,https://github.com/COVID19-Malta/COVID19-Cases,"Johnson&Johnson, Moderna, Oxford/AstraZeneca, Pfizer/BioNTech"
2021-10-18,856311,425373.0,426203.0,36140.0,Malta,https://github.com/COVID19-Malta/COVID19-Cases,"Johnson&Johnson, Moderna, Oxford/AstraZeneca, Pfizer/BioNTech"
2021-10-19,858858,425494.0,426516.0,38254.0,Malta,https://github.com/COVID19-Malta/COVID19-Cases,"Johnson&Johnson, Moderna, Oxford/AstraZeneca, Pfizer/BioNTech"
2021-10-20,860910,425734.0,426839.0,39756.0,Malta,https://github.com/COVID19-Malta/COVID19-Cases,"Johnson&Johnson, Moderna, Oxford/AstraZeneca, Pfizer/BioNTech"
2021-10-21,863183,425927.0,427273.0,41425.0,Malta,https://github.com/COVID19-Malta/COVID19-Cases,"Johnson&Johnson, Moderna, Oxford/AstraZeneca, Pfizer/BioNTech"
2021-10-22,865419,426181.0,427651.0,43043.0,Malta,https://github.com/COVID19-Malta/COVID19-Cases,"Johnson&Johnson, Moderna, Oxford/AstraZeneca, Pfizer/BioNTech"
2021-10-23,866963,426374.0,427948.0,44153.0,Malta,https://github.com/COVID19-Malta/COVID19-Cases,"Johnson&Johnson, Moderna, Oxford/AstraZeneca, Pfizer/BioNTech"
2021-10-24,867820,426469.0,428042.0,44830.0,Malta,https://github.com/COVID19-Malta/COVID19-Cases,"Johnson&Johnson, Moderna, Oxford/AstraZeneca, Pfizer/BioNTech"
2021-10-25,869715,426734.0,428415.0,46099.0,Malta,https://github.com/COVID19-Malta/COVID19-Cases,"Johnson&Johnson, Moderna, Oxford/AstraZeneca, Pfizer/BioNTech"
2021-10-26,871592,427058.0,428756.0,47312.0,Malta,https://github.com/COVID19-Malta/COVID19-Cases,"Johnson&Johnson, Moderna, Oxford/AstraZeneca, Pfizer/BioNTech"
2021-10-27,873859,427483.0,429255.0,48676.0,Malta,https://github.com/COVID19-Malta/COVID19-Cases,"Johnson&Johnson, Moderna, Oxford/AstraZeneca, Pfizer/BioNTech"
2021-10-28,875862,427835.0,429639.0,49953.0,Malta,https://github.com/COVID19-Malta/COVID19-Cases,"Johnson&Johnson, Moderna, Oxford/AstraZeneca, Pfizer/BioNTech"
2021-10-29,877291,428059.0,429972.0,50853.0,Malta,https://github.com/COVID19-Malta/COVID19-Cases,"Johnson&Johnson, Moderna, Oxford/AstraZeneca, Pfizer/BioNTech"
2021-10-30,878722,428227.0,430176.0,51932.0,Malta,https://github.com/COVID19-Malta/COVID19-Cases,"Johnson&Johnson, Moderna, Oxford/AstraZeneca, Pfizer/BioNTech"
2021-10-31,879909,428333.0,430283.0,52915.0,Malta,https://github.com/COVID19-Malta/COVID19-Cases,"Johnson&Johnson, Moderna, Oxford/AstraZeneca, Pfizer/BioNTech"
2021-11-01,881843,428607.0,430618.0,54267.0,Malta,https://github.com/COVID19-Malta/COVID19-Cases,"Johnson&Johnson, Moderna, Oxford/AstraZeneca, Pfizer/BioNTech"
2021-11-02,883070,428824.0,430954.0,54979.0,Malta,https://github.com/COVID19-Malta/COVID19-Cases,"Johnson&Johnson, Moderna, Oxford/AstraZeneca, Pfizer/BioNTech"
2021-11-03,884349,428963.0,431200.0,55876.0,Malta,https://github.com/COVID19-Malta/COVID19-Cases,"Johnson&Johnson, Moderna, Oxford/AstraZeneca, Pfizer/BioNTech"
2021-11-04,885683,429259.0,431537.0,56585.0,Malta,https://github.com/COVID19-Malta/COVID19-Cases,"Johnson&Johnson, Moderna, Oxford/AstraZeneca, Pfizer/BioNTech"
2021-11-05,886762,429475.0,431810.0,57208.0,Malta,https://github.com/COVID19-Malta/COVID19-Cases,"Johnson&Johnson, Moderna, Oxford/AstraZeneca, Pfizer/BioNTech"
2021-11-06,888337,429562.0,431973.0,58540.0,Malta,https://github.com/COVID19-Malta/COVID19-Cases,"Johnson&Johnson, Moderna, Oxford/AstraZeneca, Pfizer/BioNTech"
2021-11-07,888880,429588.0,431991.0,59041.0,Malta,https://github.com/COVID19-Malta/COVID19-Cases,"Johnson&Johnson, Moderna, Oxford/AstraZeneca, Pfizer/BioNTech"
2021-11-08,892243,429752.0,432222.0,62037.0,Malta,https://github.com/COVID19-Malta/COVID19-Cases,"Johnson&Johnson, Moderna, Oxford/AstraZeneca, Pfizer/BioNTech"
2021-11-09,895343,429900.0,432444.0,64797.0,Malta,https://github.com/COVID19-Malta/COVID19-Cases,"Johnson&Johnson, Moderna, Oxford/AstraZeneca, Pfizer/BioNTech"
2021-11-10,898248,430078.0,432618.0,67364.0,Malta,https://github.com/COVID19-Malta/COVID19-Cases,"Johnson&Johnson, Moderna, Oxford/AstraZeneca, Pfizer/BioNTech"
2021-11-11,901238,430239.0,432813.0,70036.0,Malta,https://github.com/COVID19-Malta/COVID19-Cases,"Johnson&Johnson, Moderna, Oxford/AstraZeneca, Pfizer/BioNTech"
2021-11-12,903363,430414.0,432980.0,71828.0,Malta,https://github.com/COVID19-Malta/COVID19-Cases,"Johnson&Johnson, Moderna, Oxford/AstraZeneca, Pfizer/BioNTech"
2021-11-13,906453,430576.0,433146.0,74617.0,Malta,https://github.com/COVID19-Malta/COVID19-Cases,"Johnson&Johnson, Moderna, Oxford/AstraZeneca, Pfizer/BioNTech"
2021-11-14,908687,430616.0,433207.0,76771.0,Malta,https://github.com/COVID19-Malta/COVID19-Cases,"Johnson&Johnson, Moderna, Oxford/AstraZeneca, Pfizer/BioNTech"
2021-11-15,911620,430830.0,433527.0,79203.0,Malta,https://github.com/COVID19-Malta/COVID19-Cases,"Johnson&Johnson, Moderna, Oxford/AstraZeneca, Pfizer/BioNTech"
2021-11-16,914967,430968.0,433831.0,82115.0,Malta,https://github.com/COVID19-Malta/COVID19-Cases,"Johnson&Johnson, Moderna, Oxford/AstraZeneca, Pfizer/BioNTech"
2021-11-17,918309,431118.0,434018.0,85138.0,Malta,https://github.com/COVID19-Malta/COVID19-Cases,"Johnson&Johnson, Moderna, Oxford/AstraZeneca, Pfizer/BioNTech"
2021-11-18,921147,431166.0,434155.0,87802.0,Malta,https://github.com/COVID19-Malta/COVID19-Cases,"Johnson&Johnson, Moderna, Oxford/AstraZeneca, Pfizer/BioNTech"
2021-11-19,924089,431232.0,434315.0,90524.0,Malta,https://github.com/COVID19-Malta/COVID19-Cases,"Johnson&Johnson, Moderna, Oxford/AstraZeneca, Pfizer/BioNTech"
2021-11-20,927127,431384.0,434531.0,93247.0,Malta,https://github.com/COVID19-Malta/COVID19-Cases,"Johnson&Johnson, Moderna, Oxford/AstraZeneca, Pfizer/BioNTech"
2021-11-21,930460,431409.0,434581.0,96507.0,Malta,https://github.com/COVID19-Malta/COVID19-Cases,"Johnson&Johnson, Moderna, Oxford/AstraZeneca, Pfizer/BioNTech"
2021-11-22,933791,431505.0,434843.0,99506.0,Malta,https://github.com/COVID19-Malta/COVID19-Cases,"Johnson&Johnson, Moderna, Oxford/AstraZeneca, Pfizer/BioNTech"
2021-11-23,936815,431580.0,434973.0,102335.0,Malta,https://github.com/COVID19-Malta/COVID19-Cases,"Johnson&Johnson, Moderna, Oxford/AstraZeneca, Pfizer/BioNTech"
2021-11-24,939732,431685.0,435135.0,104989.0,Malta,https://github.com/COVID19-Malta/COVID19-Cases,"Johnson&Johnson, Moderna, Oxford/AstraZeneca, Pfizer/BioNTech"
2021-11-25,942729,431784.0,435265.0,107776.0,Malta,https://github.com/COVID19-Malta/COVID19-Cases,"Johnson&Johnson, Moderna, Oxford/AstraZeneca, Pfizer/BioNTech"
2021-11-26,945882,431926.0,435394.0,110676.0,Malta,https://github.com/COVID19-Malta/COVID19-Cases,"Johnson&Johnson, Moderna, Oxford/AstraZeneca, Pfizer/BioNTech"
2021-11-27,949337,432097.0,435529.0,113857.0,Malta,https://github.com/COVID19-Malta/COVID19-Cases,"Johnson&Johnson, Moderna, Oxford/AstraZeneca, Pfizer/BioNTech"
2021-11-28,952809,432125.0,435573.0,117263.0,Malta,https://github.com/COVID19-Malta/COVID19-Cases,"Johnson&Johnson, Moderna, Oxford/AstraZeneca, Pfizer/BioNTech"
2021-11-29,956338,432253.0,435713.0,120528.0,Malta,https://github.com/COVID19-Malta/COVID19-Cases,"Johnson&Johnson, Moderna, Oxford/AstraZeneca, Pfizer/BioNTech"
2021-11-30,959906,432343.0,435775.0,123944.0,Malta,https://github.com/COVID19-Malta/COVID19-Cases,"Johnson&Johnson, Moderna, Oxford/AstraZeneca, Pfizer/BioNTech"
2021-12-01,962678,432421.0,435827.0,124074.0,Malta,https://github.com/COVID19-Malta/COVID19-Cases,"Johnson&Johnson, Moderna, Oxford/AstraZeneca, Pfizer/BioNTech"
2021-12-02,965802,432477.0,435869.0,127100.0,Malta,https://github.com/COVID19-Malta/COVID19-Cases,"Johnson&Johnson, Moderna, Oxford/AstraZeneca, Pfizer/BioNTech"
2021-12-03,968248,432625.0,435937.0,129330.0,Malta,https://github.com/COVID19-Malta/COVID19-Cases,"Johnson&Johnson, Moderna, Oxford/AstraZeneca, Pfizer/BioNTech"
2021-12-04,971433,432844.0,436044.0,132189.0,Malta,https://github.com/COVID19-Malta/COVID19-Cases,"Johnson&Johnson, Moderna, Oxford/AstraZeneca, Pfizer/BioNTech"
2021-12-05,974618,432959.0,436151.0,135048.0,Malta,https://github.com/COVID19-Malta/COVID19-Cases,"Johnson&Johnson, Moderna, Oxford/AstraZeneca, Pfizer/BioNTech"
2021-12-06,977631,433209.0,436215.0,137747.0,Malta,https://github.com/COVID19-Malta/COVID19-Cases,"Johnson&Johnson, Moderna, Oxford/AstraZeneca, Pfizer/BioNTech"
2021-12-07,978775,433265.0,436486.0,141243.0,Malta,https://github.com/COVID19-Malta/COVID19-Cases,"Johnson&Johnson, Moderna, Oxford/AstraZeneca, Pfizer/BioNTech"
2021-12-08,981712,433427.0,436574.0,143935.0,Malta,https://github.com/COVID19-Malta/COVID19-Cases,"Johnson&Johnson, Moderna, Oxford/AstraZeneca, Pfizer/BioNTech"
2021-12-09,984895,433561.0,436698.0,146861.0,Malta,https://github.com/COVID19-Malta/COVID19-Cases,"Johnson&Johnson, Moderna, Oxford/AstraZeneca, Pfizer/BioNTech"
2021-12-10,988115,433718.0,436791.0,149834.0,Malta,https://github.com/COVID19-Malta/COVID19-Cases,"Johnson&Johnson, Moderna, Oxford/AstraZeneca, Pfizer/BioNTech"
2021-12-11,990949,433866.0,436913.0,152430.0,Malta,https://github.com/COVID19-Malta/COVID19-Cases,"Johnson&Johnson, Moderna, Oxford/AstraZeneca, Pfizer/BioNTech"
2021-12-12,993372,433953.0,436968.0,154712.0,Malta,https://github.com/COVID19-Malta/COVID19-Cases,"Johnson&Johnson, Moderna, Oxford/AstraZeneca, Pfizer/BioNTech"
2021-12-13,997459,434080.0,437038.0,158607.0,Malta,https://github.com/COVID19-Malta/COVID19-Cases,"Johnson&Johnson, Moderna, Oxford/AstraZeneca, Pfizer/BioNTech"
2021-12-14,1000324,434230.0,437219.0,161144.0,Malta,https://github.com/COVID19-Malta/COVID19-Cases,"Johnson&Johnson, Moderna, Oxford/AstraZeneca, Pfizer/BioNTech"
2021-12-15,1002643,434334.0,437396.0,163186.0,Malta,https://github.com/COVID19-Malta/COVID19-Cases,"Johnson&Johnson, Moderna, Oxford/AstraZeneca, Pfizer/BioNTech"
2021-12-16,1005114,434403.0,437589.0,165403.0,Malta,https://github.com/COVID19-Malta/COVID19-Cases,"Johnson&Johnson, Moderna, Oxford/AstraZeneca, Pfizer/BioNTech"
