date,total_vaccinations,people_vaccinated,people_fully_vaccinated,location,source_url,total_boosters,vaccine
2020-12-27,4963.0,4963.0,0.0,Portugal,https://github.com/dssg-pt/covid19pt-data,,Pfizer/BioNTech
2020-12-28,7754.0,7754.0,0.0,Portugal,https://github.com/dssg-pt/covid19pt-data,,Pfizer/BioNTech
2020-12-29,20368.0,20368.0,0.0,Portugal,https://github.com/dssg-pt/covid19pt-data,,Pfizer/BioNTech
2020-12-30,30543.0,30543.0,0.0,Portugal,https://github.com/dssg-pt/covid19pt-data,,Pfizer/BioNTech
2020-12-31,32749.0,32749.0,0.0,Portugal,https://github.com/dssg-pt/covid19pt-data,,Pfizer/BioNTech
2021-01-01,32749.0,32749.0,0.0,Portugal,https://github.com/dssg-pt/covid19pt-data,,Pfizer/BioNTech
2021-01-02,32750.0,32750.0,0.0,Portugal,https://github.com/dssg-pt/covid19pt-data,,Pfizer/BioNTech
2021-01-03,32750.0,32750.0,0.0,Portugal,https://github.com/dssg-pt/covid19pt-data,,Pfizer/BioNTech
2021-01-04,33670.0,33670.0,0.0,Portugal,https://github.com/dssg-pt/covid19pt-data,,Pfizer/BioNTech
2021-01-05,46433.0,46433.0,0.0,Portugal,https://github.com/dssg-pt/covid19pt-data,,Pfizer/BioNTech
2021-01-06,61454.0,61454.0,0.0,Portugal,https://github.com/dssg-pt/covid19pt-data,,Pfizer/BioNTech
2021-01-07,71751.0,71751.0,0.0,Portugal,https://github.com/dssg-pt/covid19pt-data,,Pfizer/BioNTech
2021-01-08,74254.0,74254.0,0.0,Portugal,https://github.com/dssg-pt/covid19pt-data,,Pfizer/BioNTech
2021-01-09,74352.0,74352.0,0.0,Portugal,https://github.com/dssg-pt/covid19pt-data,,Pfizer/BioNTech
2021-01-10,74392.0,74392.0,0.0,Portugal,https://github.com/dssg-pt/covid19pt-data,,Pfizer/BioNTech
2021-01-11,85210.0,85089.0,138.0,Portugal,https://github.com/dssg-pt/covid19pt-data,,Pfizer/BioNTech
2021-01-12,96092.0,95971.0,138.0,Portugal,https://github.com/dssg-pt/covid19pt-data,,Pfizer/BioNTech
2021-01-13,109891.0,109770.0,138.0,Portugal,https://github.com/dssg-pt/covid19pt-data,,Pfizer/BioNTech
2021-01-14,121041.0,120920.0,138.0,Portugal,https://github.com/dssg-pt/covid19pt-data,,Pfizer/BioNTech
2021-01-15,128527.0,128406.0,138.0,Portugal,https://github.com/dssg-pt/covid19pt-data,,Pfizer/BioNTech
2021-01-16,130062.0,129941.0,138.0,Portugal,https://github.com/dssg-pt/covid19pt-data,,Pfizer/BioNTech
2021-01-17,131230.0,129948.0,1299.0,Portugal,https://github.com/dssg-pt/covid19pt-data,,Pfizer/BioNTech
2021-01-18,136664.0,135322.0,1414.0,Portugal,https://github.com/dssg-pt/covid19pt-data,,Pfizer/BioNTech
2021-01-19,160394.0,151434.0,9032.0,Portugal,https://github.com/dssg-pt/covid19pt-data,,Pfizer/BioNTech
2021-01-20,189327.0,171192.0,18207.0,Portugal,https://github.com/dssg-pt/covid19pt-data,,Pfizer/BioNTech
2021-01-21,222431.0,199322.0,23181.0,Portugal,https://github.com/dssg-pt/covid19pt-data,,Pfizer/BioNTech
2021-01-22,248690.0,223177.0,25585.0,Portugal,https://github.com/dssg-pt/covid19pt-data,,Pfizer/BioNTech
2021-01-23,263484.0,233931.0,29625.0,Portugal,https://github.com/dssg-pt/covid19pt-data,,Pfizer/BioNTech
2021-01-24,267659.0,237589.0,30142.0,Portugal,https://github.com/dssg-pt/covid19pt-data,,Pfizer/BioNTech
2021-01-26,275459.0,,,Portugal,https://github.com/dssg-pt/covid19pt-data,,Pfizer/BioNTech
2021-01-27,290373.0,,,Portugal,https://github.com/dssg-pt/covid19pt-data,,Pfizer/BioNTech
2021-01-28,307964.0,,,Portugal,https://github.com/dssg-pt/covid19pt-data,,Pfizer/BioNTech
2021-01-29,327697.0,,,Portugal,https://github.com/dssg-pt/covid19pt-data,,Pfizer/BioNTech
2021-01-30,342193.0,277215.0,65050.0,Portugal,https://github.com/dssg-pt/covid19pt-data,,Pfizer/BioNTech
2021-01-31,348731.0,280829.0,67974.0,Portugal,https://github.com/dssg-pt/covid19pt-data,,Pfizer/BioNTech
2021-02-01,380349.0,300196.0,80488.0,Portugal,https://github.com/dssg-pt/covid19pt-data,,Pfizer/BioNTech
2021-02-02,383902.0,301806.0,82431.0,Portugal,https://github.com/dssg-pt/covid19pt-data,,Pfizer/BioNTech
2021-02-03,392728.0,305475.0,87588.0,Portugal,https://github.com/dssg-pt/covid19pt-data,,Pfizer/BioNTech
2021-02-04,405994.0,309618.0,96711.0,Portugal,https://github.com/dssg-pt/covid19pt-data,,Pfizer/BioNTech
2021-02-05,421161.0,314844.0,106652.0,Portugal,https://github.com/dssg-pt/covid19pt-data,,Pfizer/BioNTech
2021-02-06,435871.0,320684.0,115522.0,Portugal,https://github.com/dssg-pt/covid19pt-data,,Pfizer/BioNTech
2021-02-07,437687.0,321760.0,116262.0,Portugal,https://github.com/dssg-pt/covid19pt-data,,Pfizer/BioNTech
2021-02-08,442273.0,324471.0,118172.0,Portugal,https://github.com/dssg-pt/covid19pt-data,,Pfizer/BioNTech
2021-02-09,446092.0,326848.0,119614.0,Portugal,https://github.com/dssg-pt/covid19pt-data,,"Moderna, Oxford/AstraZeneca, Pfizer/BioNTech"
2021-02-10,461185.0,331437.0,130118.0,Portugal,https://github.com/dssg-pt/covid19pt-data,,"Moderna, Oxford/AstraZeneca, Pfizer/BioNTech"
2021-02-11,482122.0,335855.0,146637.0,Portugal,https://github.com/dssg-pt/covid19pt-data,,"Moderna, Oxford/AstraZeneca, Pfizer/BioNTech"
2021-02-12,514221.0,343428.0,171163.0,Portugal,https://github.com/dssg-pt/covid19pt-data,,"Moderna, Oxford/AstraZeneca, Pfizer/BioNTech"
2021-02-13,551273.0,353390.0,198253.0,Portugal,https://github.com/dssg-pt/covid19pt-data,,"Moderna, Oxford/AstraZeneca, Pfizer/BioNTech"
2021-02-14,569251.0,361532.0,208089.0,Portugal,https://github.com/dssg-pt/covid19pt-data,,"Moderna, Oxford/AstraZeneca, Pfizer/BioNTech"
2021-02-15,583052.0,365582.0,218125.0,Portugal,https://github.com/dssg-pt/covid19pt-data,,"Moderna, Oxford/AstraZeneca, Pfizer/BioNTech"
2021-02-16,593817.0,370761.0,223711.0,Portugal,https://github.com/dssg-pt/covid19pt-data,,"Moderna, Oxford/AstraZeneca, Pfizer/BioNTech"
2021-02-17,610362.0,381274.0,229743.0,Portugal,https://github.com/dssg-pt/covid19pt-data,,"Moderna, Oxford/AstraZeneca, Pfizer/BioNTech"
2021-02-18,632733.0,395692.0,237696.0,Portugal,https://github.com/dssg-pt/covid19pt-data,,"Moderna, Oxford/AstraZeneca, Pfizer/BioNTech"
2021-02-19,672667.0,422922.0,250400.0,Portugal,https://github.com/dssg-pt/covid19pt-data,,"Moderna, Oxford/AstraZeneca, Pfizer/BioNTech"
2021-02-20,710442.0,447743.0,263354.0,Portugal,https://github.com/dssg-pt/covid19pt-data,,"Moderna, Oxford/AstraZeneca, Pfizer/BioNTech"
2021-02-21,729484.0,463281.0,266858.0,Portugal,https://github.com/dssg-pt/covid19pt-data,,"Moderna, Oxford/AstraZeneca, Pfizer/BioNTech"
2021-02-22,737479.0,469490.0,269203.0,Portugal,https://github.com/dssg-pt/covid19pt-data,,"Moderna, Oxford/AstraZeneca, Pfizer/BioNTech"
2021-02-23,751519.0,481806.0,270927.0,Portugal,https://github.com/dssg-pt/covid19pt-data,,"Moderna, Oxford/AstraZeneca, Pfizer/BioNTech"
2021-02-24,777939.0,506005.0,273148.0,Portugal,https://github.com/dssg-pt/covid19pt-data,,"Moderna, Oxford/AstraZeneca, Pfizer/BioNTech"
2021-02-25,809539.0,534116.0,276637.0,Portugal,https://github.com/dssg-pt/covid19pt-data,,"Moderna, Oxford/AstraZeneca, Pfizer/BioNTech"
2021-02-26,854227.0,575712.0,279729.0,Portugal,https://github.com/dssg-pt/covid19pt-data,,"Moderna, Oxford/AstraZeneca, Pfizer/BioNTech"
2021-02-27,895109.0,611138.0,285185.0,Portugal,https://github.com/dssg-pt/covid19pt-data,,"Moderna, Oxford/AstraZeneca, Pfizer/BioNTech"
2021-02-28,919144.0,633888.0,286470.0,Portugal,https://github.com/dssg-pt/covid19pt-data,,"Moderna, Oxford/AstraZeneca, Pfizer/BioNTech"
2021-03-01,935797.0,646951.0,290637.0,Portugal,https://github.com/dssg-pt/covid19pt-data,,"Moderna, Oxford/AstraZeneca, Pfizer/BioNTech"
2021-03-02,951955.0,661759.0,291987.0,Portugal,https://github.com/dssg-pt/covid19pt-data,,"Moderna, Oxford/AstraZeneca, Pfizer/BioNTech"
2021-03-03,967677.0,675816.0,293652.0,Portugal,https://github.com/dssg-pt/covid19pt-data,,"Moderna, Oxford/AstraZeneca, Pfizer/BioNTech"
2021-03-04,995979.0,699085.0,298685.0,Portugal,https://github.com/dssg-pt/covid19pt-data,,"Moderna, Oxford/AstraZeneca, Pfizer/BioNTech"
2021-03-05,1039029.0,736326.0,304494.0,Portugal,https://github.com/dssg-pt/covid19pt-data,,"Moderna, Oxford/AstraZeneca, Pfizer/BioNTech"
2021-03-06,1078878.0,767568.0,313101.0,Portugal,https://github.com/dssg-pt/covid19pt-data,,"Moderna, Oxford/AstraZeneca, Pfizer/BioNTech"
2021-03-07,1096035.0,780572.0,317254.0,Portugal,https://github.com/dssg-pt/covid19pt-data,,"Moderna, Oxford/AstraZeneca, Pfizer/BioNTech"
2021-03-08,1109407.0,786718.0,324862.0,Portugal,https://github.com/dssg-pt/covid19pt-data,,"Moderna, Oxford/AstraZeneca, Pfizer/BioNTech"
2021-03-09,1120398.0,795531.0,327040.0,Portugal,https://github.com/dssg-pt/covid19pt-data,,"Moderna, Oxford/AstraZeneca, Pfizer/BioNTech"
2021-03-10,1131392.0,804619.0,328946.0,Portugal,https://github.com/dssg-pt/covid19pt-data,,"Moderna, Oxford/AstraZeneca, Pfizer/BioNTech"
2021-03-11,1155070.0,819299.0,337944.0,Portugal,https://github.com/dssg-pt/covid19pt-data,,"Moderna, Oxford/AstraZeneca, Pfizer/BioNTech"
2021-03-12,1190192.0,840118.0,352247.0,Portugal,https://github.com/dssg-pt/covid19pt-data,,"Moderna, Oxford/AstraZeneca, Pfizer/BioNTech"
2021-03-13,1223882.0,860336.0,365719.0,Portugal,https://github.com/dssg-pt/covid19pt-data,,"Moderna, Oxford/AstraZeneca, Pfizer/BioNTech"
2021-03-14,1240180.0,871269.0,371084.0,Portugal,https://github.com/dssg-pt/covid19pt-data,,"Moderna, Oxford/AstraZeneca, Pfizer/BioNTech"
2021-03-15,1258578.0,883620.0,377464.0,Portugal,https://github.com/dssg-pt/covid19pt-data,,"Moderna, Oxford/AstraZeneca, Pfizer/BioNTech"
2021-03-16,1283549.0,905576.0,380479.0,Portugal,https://github.com/dssg-pt/covid19pt-data,,"Moderna, Oxford/AstraZeneca, Pfizer/BioNTech"
2021-03-17,1291054.0,907134.0,386426.0,Portugal,https://github.com/dssg-pt/covid19pt-data,,"Moderna, Oxford/AstraZeneca, Pfizer/BioNTech"
2021-03-18,1325499.0,919682.0,408323.0,Portugal,https://github.com/dssg-pt/covid19pt-data,,"Moderna, Oxford/AstraZeneca, Pfizer/BioNTech"
2021-03-19,1370772.0,931602.0,441676.0,Portugal,https://github.com/dssg-pt/covid19pt-data,,"Moderna, Oxford/AstraZeneca, Pfizer/BioNTech"
2021-03-20,1415629.0,948484.0,469651.0,Portugal,https://github.com/dssg-pt/covid19pt-data,,"Moderna, Oxford/AstraZeneca, Pfizer/BioNTech"
2021-03-21,1438694.0,958639.0,482561.0,Portugal,https://github.com/dssg-pt/covid19pt-data,,"Moderna, Oxford/AstraZeneca, Pfizer/BioNTech"
2021-03-22,1451980.0,966404.0,488236.0,Portugal,https://github.com/dssg-pt/covid19pt-data,,"Moderna, Oxford/AstraZeneca, Pfizer/BioNTech"
2021-03-23,1469706.0,976498.0,495868.0,Portugal,https://github.com/dssg-pt/covid19pt-data,,"Moderna, Oxford/AstraZeneca, Pfizer/BioNTech"
2021-03-24,1492015.0,996735.0,497940.0,Portugal,https://github.com/dssg-pt/covid19pt-data,,"Moderna, Oxford/AstraZeneca, Pfizer/BioNTech"
2021-03-25,1534508.0,1035621.0,501547.0,Portugal,https://github.com/dssg-pt/covid19pt-data,,"Moderna, Oxford/AstraZeneca, Pfizer/BioNTech"
2021-03-26,1605940.0,1102549.0,506051.0,Portugal,https://github.com/dssg-pt/covid19pt-data,,"Moderna, Oxford/AstraZeneca, Pfizer/BioNTech"
2021-03-27,1636648.0,1130801.0,508507.0,Portugal,https://github.com/dssg-pt/covid19pt-data,,"Moderna, Oxford/AstraZeneca, Pfizer/BioNTech"
2021-03-28,1700063.0,1192698.0,510025.0,Portugal,https://github.com/dssg-pt/covid19pt-data,,"Moderna, Oxford/AstraZeneca, Pfizer/BioNTech"
2021-03-29,1732660.0,1224781.0,511095.0,Portugal,https://github.com/dssg-pt/covid19pt-data,,"Moderna, Oxford/AstraZeneca, Pfizer/BioNTech"
2021-03-30,1756207.0,1245700.0,513723.0,Portugal,https://github.com/dssg-pt/covid19pt-data,,"Moderna, Oxford/AstraZeneca, Pfizer/BioNTech"
2021-03-31,1787154.0,1273051.0,517319.0,Portugal,https://github.com/dssg-pt/covid19pt-data,,"Moderna, Oxford/AstraZeneca, Pfizer/BioNTech"
2021-04-01,1810830.0,1287020.0,527026.0,Portugal,https://github.com/dssg-pt/covid19pt-data,,"Moderna, Oxford/AstraZeneca, Pfizer/BioNTech"
2021-04-02,1894111.0,1328253.0,569074.0,Portugal,https://github.com/dssg-pt/covid19pt-data,,"Moderna, Oxford/AstraZeneca, Pfizer/BioNTech"
2021-04-03,1929545.0,1346931.0,585830.0,Portugal,https://github.com/dssg-pt/covid19pt-data,,"Moderna, Oxford/AstraZeneca, Pfizer/BioNTech"
2021-04-04,1947479.0,1357742.0,592953.0,Portugal,https://github.com/dssg-pt/covid19pt-data,,"Moderna, Oxford/AstraZeneca, Pfizer/BioNTech"
2021-04-05,1956767.0,1363559.0,596680.0,Portugal,https://github.com/dssg-pt/covid19pt-data,,"Moderna, Oxford/AstraZeneca, Pfizer/BioNTech"
2021-04-06,1989412.0,1390284.0,602600.0,Portugal,https://github.com/dssg-pt/covid19pt-data,,"Moderna, Oxford/AstraZeneca, Pfizer/BioNTech"
2021-04-07,2029130.0,1426920.0,605682.0,Portugal,https://github.com/dssg-pt/covid19pt-data,,"Moderna, Oxford/AstraZeneca, Pfizer/BioNTech"
2021-04-08,2090978.0,1478329.0,616121.0,Portugal,https://github.com/dssg-pt/covid19pt-data,,"Moderna, Oxford/AstraZeneca, Pfizer/BioNTech"
2021-04-09,2161470.0,1533815.0,631127.0,Portugal,https://github.com/dssg-pt/covid19pt-data,,"Moderna, Oxford/AstraZeneca, Pfizer/BioNTech"
2021-04-10,2231029.0,1590789.0,643712.0,Portugal,https://github.com/dssg-pt/covid19pt-data,,"Moderna, Oxford/AstraZeneca, Pfizer/BioNTech"
2021-04-11,2243940.0,1601594.0,645818.0,Portugal,https://github.com/dssg-pt/covid19pt-data,,"Moderna, Oxford/AstraZeneca, Pfizer/BioNTech"
2021-04-12,2268268.0,1621039.0,651251.0,Portugal,https://github.com/dssg-pt/covid19pt-data,,"Moderna, Oxford/AstraZeneca, Pfizer/BioNTech"
2021-04-13,2300252.0,1650861.0,653413.0,Portugal,https://github.com/dssg-pt/covid19pt-data,,"Moderna, Oxford/AstraZeneca, Pfizer/BioNTech"
2021-04-14,2344479.0,1693308.0,655193.0,Portugal,https://github.com/dssg-pt/covid19pt-data,,"Moderna, Oxford/AstraZeneca, Pfizer/BioNTech"
2021-04-15,2408032.0,1745968.0,666086.0,Portugal,https://github.com/dssg-pt/covid19pt-data,,"Moderna, Oxford/AstraZeneca, Pfizer/BioNTech"
2021-04-16,2477676.0,1805481.0,676217.0,Portugal,https://github.com/dssg-pt/covid19pt-data,,"Moderna, Oxford/AstraZeneca, Pfizer/BioNTech"
2021-04-17,2545471.0,1853321.0,696172.0,Portugal,https://github.com/dssg-pt/covid19pt-data,,"Moderna, Oxford/AstraZeneca, Pfizer/BioNTech"
2021-04-18,2664289.0,1967209.0,701102.0,Portugal,https://github.com/dssg-pt/covid19pt-data,,"Moderna, Oxford/AstraZeneca, Pfizer/BioNTech"
2021-04-19,2749816.0,2047488.0,706842.0,Portugal,https://github.com/dssg-pt/covid19pt-data,,"Moderna, Oxford/AstraZeneca, Pfizer/BioNTech"
2021-04-20,2782180.0,2068685.0,718009.0,Portugal,https://github.com/dssg-pt/covid19pt-data,,"Moderna, Oxford/AstraZeneca, Pfizer/BioNTech"
2021-04-21,2820393.0,2097922.0,726985.0,Portugal,https://github.com/dssg-pt/covid19pt-data,,"Moderna, Oxford/AstraZeneca, Pfizer/BioNTech"
2021-04-22,2874262.0,2127904.0,750872.0,Portugal,https://github.com/dssg-pt/covid19pt-data,,"Moderna, Oxford/AstraZeneca, Pfizer/BioNTech"
2021-04-23,2942070.0,2156381.0,790203.0,Portugal,https://github.com/dssg-pt/covid19pt-data,,"Moderna, Oxford/AstraZeneca, Pfizer/BioNTech"
2021-04-24,3019626.0,2196002.0,828138.0,Portugal,https://github.com/dssg-pt/covid19pt-data,,"Moderna, Oxford/AstraZeneca, Pfizer/BioNTech"
2021-04-25,3063239.0,2227333.0,840420.0,Portugal,https://github.com/dssg-pt/covid19pt-data,,"Moderna, Oxford/AstraZeneca, Pfizer/BioNTech"
2021-04-26,3101452.0,2259229.0,847664.0,Portugal,https://github.com/dssg-pt/covid19pt-data,,"Johnson&Johnson, Moderna, Oxford/AstraZeneca, Pfizer/BioNTech"
2021-04-27,3150351.0,2299511.0,856281.0,Portugal,https://github.com/dssg-pt/covid19pt-data,,"Johnson&Johnson, Moderna, Oxford/AstraZeneca, Pfizer/BioNTech"
2021-04-28,3199732.0,2338692.0,866481.0,Portugal,https://github.com/dssg-pt/covid19pt-data,,"Johnson&Johnson, Moderna, Oxford/AstraZeneca, Pfizer/BioNTech"
2021-04-29,3272503.0,2392605.0,885339.0,Portugal,https://github.com/dssg-pt/covid19pt-data,,"Johnson&Johnson, Moderna, Oxford/AstraZeneca, Pfizer/BioNTech"
2021-04-30,3353310.0,2455181.0,903570.0,Portugal,https://github.com/dssg-pt/covid19pt-data,,"Johnson&Johnson, Moderna, Oxford/AstraZeneca, Pfizer/BioNTech"
2021-05-01,3439613.0,2524456.0,920598.0,Portugal,https://github.com/dssg-pt/covid19pt-data,,"Johnson&Johnson, Moderna, Oxford/AstraZeneca, Pfizer/BioNTech"
2021-05-02,3491117.0,2566516.0,930042.0,Portugal,https://github.com/dssg-pt/covid19pt-data,,"Johnson&Johnson, Moderna, Oxford/AstraZeneca, Pfizer/BioNTech"
2021-05-03,3539040.0,2607369.0,939105.0,Portugal,https://github.com/dssg-pt/covid19pt-data,,"Johnson&Johnson, Moderna, Oxford/AstraZeneca, Pfizer/BioNTech"
2021-05-04,3604100.0,2658813.0,952721.0,Portugal,https://github.com/dssg-pt/covid19pt-data,,"Johnson&Johnson, Moderna, Oxford/AstraZeneca, Pfizer/BioNTech"
2021-05-05,3681207.0,2719011.0,969630.0,Portugal,https://github.com/dssg-pt/covid19pt-data,,"Johnson&Johnson, Moderna, Oxford/AstraZeneca, Pfizer/BioNTech"
2021-05-06,3772136.0,2767568.0,1012002.0,Portugal,https://github.com/dssg-pt/covid19pt-data,,"Johnson&Johnson, Moderna, Oxford/AstraZeneca, Pfizer/BioNTech"
2021-05-07,3873160.0,2817295.0,1063299.0,Portugal,https://github.com/dssg-pt/covid19pt-data,,"Johnson&Johnson, Moderna, Oxford/AstraZeneca, Pfizer/BioNTech"
2021-05-08,3977410.0,2864727.0,1120117.0,Portugal,https://github.com/dssg-pt/covid19pt-data,,"Johnson&Johnson, Moderna, Oxford/AstraZeneca, Pfizer/BioNTech"
2021-05-09,4059895.0,2933324.0,1134005.0,Portugal,https://github.com/dssg-pt/covid19pt-data,,"Johnson&Johnson, Moderna, Oxford/AstraZeneca, Pfizer/BioNTech"
2021-05-10,4131778.0,2991913.0,1160784.0,Portugal,https://github.com/dssg-pt/covid19pt-data,,"Johnson&Johnson, Moderna, Oxford/AstraZeneca, Pfizer/BioNTech"
2021-05-11,4210324.0,3050774.0,1180469.0,Portugal,https://github.com/dssg-pt/covid19pt-data,,"Johnson&Johnson, Moderna, Oxford/AstraZeneca, Pfizer/BioNTech"
2021-05-12,4279635.0,3104018.0,1196536.0,Portugal,https://github.com/dssg-pt/covid19pt-data,,"Johnson&Johnson, Moderna, Oxford/AstraZeneca, Pfizer/BioNTech"
2021-05-13,4348034.0,3157300.0,1211653.0,Portugal,https://github.com/dssg-pt/covid19pt-data,,"Johnson&Johnson, Moderna, Oxford/AstraZeneca, Pfizer/BioNTech"
2021-05-14,4420531.0,3210200.0,1231250.0,Portugal,https://github.com/dssg-pt/covid19pt-data,,"Johnson&Johnson, Moderna, Oxford/AstraZeneca, Pfizer/BioNTech"
2021-05-15,4500372.0,3233849.0,1287442.0,Portugal,https://github.com/dssg-pt/covid19pt-data,,"Johnson&Johnson, Moderna, Oxford/AstraZeneca, Pfizer/BioNTech"
2021-05-16,4630222.0,3239871.0,1411270.0,Portugal,https://github.com/dssg-pt/covid19pt-data,,"Johnson&Johnson, Moderna, Oxford/AstraZeneca, Pfizer/BioNTech"
2021-05-17,4728767.0,3300067.0,1469159.0,Portugal,https://github.com/dssg-pt/covid19pt-data,,"Johnson&Johnson, Moderna, Oxford/AstraZeneca, Pfizer/BioNTech"
2021-05-18,4797237.0,3347842.0,1489854.0,Portugal,https://github.com/dssg-pt/covid19pt-data,,"Johnson&Johnson, Moderna, Oxford/AstraZeneca, Pfizer/BioNTech"
2021-05-19,4876733.0,3403777.0,1513415.0,Portugal,https://github.com/dssg-pt/covid19pt-data,,"Johnson&Johnson, Moderna, Oxford/AstraZeneca, Pfizer/BioNTech"
2021-05-20,4956029.0,3456524.0,1539964.0,Portugal,https://github.com/dssg-pt/covid19pt-data,,"Johnson&Johnson, Moderna, Oxford/AstraZeneca, Pfizer/BioNTech"
2021-05-21,5038680.0,3510931.0,1568208.0,Portugal,https://github.com/dssg-pt/covid19pt-data,,"Johnson&Johnson, Moderna, Oxford/AstraZeneca, Pfizer/BioNTech"
2021-05-22,5124134.0,3560271.0,1604322.0,Portugal,https://github.com/dssg-pt/covid19pt-data,,"Johnson&Johnson, Moderna, Oxford/AstraZeneca, Pfizer/BioNTech"
2021-05-23,5195200.0,3596800.0,1638859.0,Portugal,https://github.com/dssg-pt/covid19pt-data,,"Johnson&Johnson, Moderna, Oxford/AstraZeneca, Pfizer/BioNTech"
2021-05-24,5256549.0,3630692.0,1701479.0,Portugal,https://github.com/dssg-pt/covid19pt-data,,"Johnson&Johnson, Moderna, Oxford/AstraZeneca, Pfizer/BioNTech"
2021-05-25,5324495.0,3674214.0,1725903.0,Portugal,https://github.com/dssg-pt/covid19pt-data,,"Johnson&Johnson, Moderna, Oxford/AstraZeneca, Pfizer/BioNTech"
2021-05-26,5393297.0,3723694.0,1745225.0,Portugal,https://github.com/dssg-pt/covid19pt-data,,"Johnson&Johnson, Moderna, Oxford/AstraZeneca, Pfizer/BioNTech"
2021-05-27,5481141.0,3768087.0,1788676.0,Portugal,https://github.com/dssg-pt/covid19pt-data,,"Johnson&Johnson, Moderna, Oxford/AstraZeneca, Pfizer/BioNTech"
2021-05-28,5580160.0,3809946.0,1845836.0,Portugal,https://github.com/dssg-pt/covid19pt-data,,"Johnson&Johnson, Moderna, Oxford/AstraZeneca, Pfizer/BioNTech"
2021-05-29,5683918.0,3849328.0,1910212.0,Portugal,https://github.com/dssg-pt/covid19pt-data,,"Johnson&Johnson, Moderna, Oxford/AstraZeneca, Pfizer/BioNTech"
2021-05-30,5757167.0,3883440.0,1949349.0,Portugal,https://github.com/dssg-pt/covid19pt-data,,"Johnson&Johnson, Moderna, Oxford/AstraZeneca, Pfizer/BioNTech"
2021-05-31,5819732.0,3913254.0,2054154.0,Portugal,https://github.com/dssg-pt/covid19pt-data,,"Johnson&Johnson, Moderna, Oxford/AstraZeneca, Pfizer/BioNTech"
2021-06-01,5889852.0,3945309.0,2092219.0,Portugal,https://github.com/dssg-pt/covid19pt-data,,"Johnson&Johnson, Moderna, Oxford/AstraZeneca, Pfizer/BioNTech"
2021-06-02,5978608.0,3986949.0,2139335.0,Portugal,https://github.com/dssg-pt/covid19pt-data,,"Johnson&Johnson, Moderna, Oxford/AstraZeneca, Pfizer/BioNTech"
2021-06-03,6068089.0,4040139.0,2175626.0,Portugal,https://github.com/dssg-pt/covid19pt-data,,"Johnson&Johnson, Moderna, Oxford/AstraZeneca, Pfizer/BioNTech"
2021-06-04,6139733.0,4081998.0,2205411.0,Portugal,https://github.com/dssg-pt/covid19pt-data,,"Johnson&Johnson, Moderna, Oxford/AstraZeneca, Pfizer/BioNTech"
2021-06-05,6230406.0,4131045.0,2247037.0,Portugal,https://github.com/dssg-pt/covid19pt-data,,"Johnson&Johnson, Moderna, Oxford/AstraZeneca, Pfizer/BioNTech"
2021-06-06,6311336.0,4166875.0,2292137.0,Portugal,https://github.com/dssg-pt/covid19pt-data,,"Johnson&Johnson, Moderna, Oxford/AstraZeneca, Pfizer/BioNTech"
2021-06-07,6391369.0,4201317.0,2409512.0,Portugal,https://github.com/dssg-pt/covid19pt-data,,"Johnson&Johnson, Moderna, Oxford/AstraZeneca, Pfizer/BioNTech"
2021-06-08,6495584.0,4254322.0,2460722.0,Portugal,https://github.com/dssg-pt/covid19pt-data,,"Johnson&Johnson, Moderna, Oxford/AstraZeneca, Pfizer/BioNTech"
2021-06-09,6591087.0,4315924.0,2494623.0,Portugal,https://github.com/dssg-pt/covid19pt-data,,"Johnson&Johnson, Moderna, Oxford/AstraZeneca, Pfizer/BioNTech"
2021-06-10,6690404.0,4381301.0,2528563.0,Portugal,https://github.com/dssg-pt/covid19pt-data,,"Johnson&Johnson, Moderna, Oxford/AstraZeneca, Pfizer/BioNTech"
2021-06-11,6802793.0,4455419.0,2566834.0,Portugal,https://github.com/dssg-pt/covid19pt-data,,"Johnson&Johnson, Moderna, Oxford/AstraZeneca, Pfizer/BioNTech"
2021-06-12,6859237.0,4486173.0,2592524.0,Portugal,https://github.com/dssg-pt/covid19pt-data,,"Johnson&Johnson, Moderna, Oxford/AstraZeneca, Pfizer/BioNTech"
2021-06-13,6930260.0,4551180.0,2598540.0,Portugal,https://github.com/dssg-pt/covid19pt-data,,"Johnson&Johnson, Moderna, Oxford/AstraZeneca, Pfizer/BioNTech"
2021-06-14,7004593.0,4590780.0,2681691.0,Portugal,https://github.com/dssg-pt/covid19pt-data,,"Johnson&Johnson, Moderna, Oxford/AstraZeneca, Pfizer/BioNTech"
2021-06-15,7097762.0,4648227.0,2717413.0,Portugal,https://github.com/dssg-pt/covid19pt-data,,"Johnson&Johnson, Moderna, Oxford/AstraZeneca, Pfizer/BioNTech"
2021-06-16,7200180.0,4698944.0,2769114.0,Portugal,https://github.com/dssg-pt/covid19pt-data,,"Johnson&Johnson, Moderna, Oxford/AstraZeneca, Pfizer/BioNTech"
2021-06-17,7311216.0,4760661.0,2818433.0,Portugal,https://github.com/dssg-pt/covid19pt-data,,"Johnson&Johnson, Moderna, Oxford/AstraZeneca, Pfizer/BioNTech"
2021-06-18,7479536.0,4859085.0,2888329.0,Portugal,https://github.com/dssg-pt/covid19pt-data,,"Johnson&Johnson, Moderna, Oxford/AstraZeneca, Pfizer/BioNTech"
2021-06-19,7530381.0,4882482.0,2915777.0,Portugal,https://github.com/dssg-pt/covid19pt-data,,"Johnson&Johnson, Moderna, Oxford/AstraZeneca, Pfizer/BioNTech"
2021-06-20,7668858.0,4929841.0,3006895.0,Portugal,https://github.com/dssg-pt/covid19pt-data,,"Johnson&Johnson, Moderna, Oxford/AstraZeneca, Pfizer/BioNTech"
2021-06-21,7739475.0,4971146.0,3091855.0,Portugal,https://github.com/dssg-pt/covid19pt-data,,"Johnson&Johnson, Moderna, Oxford/AstraZeneca, Pfizer/BioNTech"
2021-06-22,7770586.0,4986660.0,3107452.0,Portugal,https://github.com/dssg-pt/covid19pt-data,,"Johnson&Johnson, Moderna, Oxford/AstraZeneca, Pfizer/BioNTech"
2021-06-23,7877206.0,5041832.0,3158900.0,Portugal,https://github.com/dssg-pt/covid19pt-data,,"Johnson&Johnson, Moderna, Oxford/AstraZeneca, Pfizer/BioNTech"
2021-06-24,7987714.0,5102478.0,3208762.0,Portugal,https://github.com/dssg-pt/covid19pt-data,,"Johnson&Johnson, Moderna, Oxford/AstraZeneca, Pfizer/BioNTech"
2021-06-25,8099100.0,5165727.0,3256899.0,Portugal,https://github.com/dssg-pt/covid19pt-data,,"Johnson&Johnson, Moderna, Oxford/AstraZeneca, Pfizer/BioNTech"
2021-06-26,8208727.0,5231065.0,3301188.0,Portugal,https://github.com/dssg-pt/covid19pt-data,,"Johnson&Johnson, Moderna, Oxford/AstraZeneca, Pfizer/BioNTech"
2021-06-27,8306811.0,5292088.0,3338249.0,Portugal,https://github.com/dssg-pt/covid19pt-data,,"Johnson&Johnson, Moderna, Oxford/AstraZeneca, Pfizer/BioNTech"
2021-06-28,8463585.0,5393134.0,3465091.0,Portugal,https://github.com/dssg-pt/covid19pt-data,,"Johnson&Johnson, Moderna, Oxford/AstraZeneca, Pfizer/BioNTech"
2021-06-29,8578272.0,5455604.0,3517308.0,Portugal,https://github.com/dssg-pt/covid19pt-data,,"Johnson&Johnson, Moderna, Oxford/AstraZeneca, Pfizer/BioNTech"
2021-07-05,9286919.0,5809445.0,3928199.0,Portugal,https://github.com/dssg-pt/covid19pt-data,,"Johnson&Johnson, Moderna, Oxford/AstraZeneca, Pfizer/BioNTech"
2021-07-06,9433287.0,5877895.0,4006117.0,Portugal,https://github.com/dssg-pt/covid19pt-data,,"Johnson&Johnson, Moderna, Oxford/AstraZeneca, Pfizer/BioNTech"
2021-07-07,9591990.0,5946422.0,4096293.0,Portugal,https://github.com/dssg-pt/covid19pt-data,,"Johnson&Johnson, Moderna, Oxford/AstraZeneca, Pfizer/BioNTech"
2021-07-12,10342985.0,6281765.0,4586935.0,Portugal,https://github.com/dssg-pt/covid19pt-data,1.0,"Johnson&Johnson, Moderna, Oxford/AstraZeneca, Pfizer/BioNTech"
2021-07-13,10461057.0,6326424.0,4660348.0,Portugal,https://github.com/dssg-pt/covid19pt-data,1.0,"Johnson&Johnson, Moderna, Oxford/AstraZeneca, Pfizer/BioNTech"
2021-07-14,10576340.0,6383083.0,4718972.0,Portugal,https://github.com/dssg-pt/covid19pt-data,1.0,"Johnson&Johnson, Moderna, Oxford/AstraZeneca, Pfizer/BioNTech"
2021-07-15,10696676.0,6439474.0,4782917.0,Portugal,https://github.com/dssg-pt/covid19pt-data,1.0,"Johnson&Johnson, Moderna, Oxford/AstraZeneca, Pfizer/BioNTech"
2021-07-16,10813000.0,6494758.0,4843957.0,Portugal,https://github.com/dssg-pt/covid19pt-data,1.0,"Johnson&Johnson, Moderna, Oxford/AstraZeneca, Pfizer/BioNTech"
2021-07-17,10928835.0,6545731.0,4908819.0,Portugal,https://github.com/dssg-pt/covid19pt-data,1.0,"Johnson&Johnson, Moderna, Oxford/AstraZeneca, Pfizer/BioNTech"
2021-07-18,11027006.0,6600891.0,4951830.0,Portugal,https://github.com/dssg-pt/covid19pt-data,1.0,"Johnson&Johnson, Moderna, Oxford/AstraZeneca, Pfizer/BioNTech"
2021-07-19,11111267.0,6643796.0,5142392.0,Portugal,https://github.com/dssg-pt/covid19pt-data,1.0,"Johnson&Johnson, Moderna, Oxford/AstraZeneca, Pfizer/BioNTech"
2021-07-20,11210995.0,6687424.0,5198492.0,Portugal,https://github.com/dssg-pt/covid19pt-data,1.0,"Johnson&Johnson, Moderna, Oxford/AstraZeneca, Pfizer/BioNTech"
2021-07-21,11310134.0,6732415.0,5252640.0,Portugal,https://github.com/dssg-pt/covid19pt-data,1.0,"Johnson&Johnson, Moderna, Oxford/AstraZeneca, Pfizer/BioNTech"
2021-07-22,11406004.0,6769761.0,5311164.0,Portugal,https://github.com/dssg-pt/covid19pt-data,1.0,"Johnson&Johnson, Moderna, Oxford/AstraZeneca, Pfizer/BioNTech"
2021-07-23,11508424.0,6813997.0,5369348.0,Portugal,https://github.com/dssg-pt/covid19pt-data,1.0,"Johnson&Johnson, Moderna, Oxford/AstraZeneca, Pfizer/BioNTech"
2021-07-24,11611090.0,6856278.0,5429733.0,Portugal,https://github.com/dssg-pt/covid19pt-data,1.0,"Johnson&Johnson, Moderna, Oxford/AstraZeneca, Pfizer/BioNTech"
2021-07-25,11704915.0,6894557.0,5485279.0,Portugal,https://github.com/dssg-pt/covid19pt-data,1.0,"Johnson&Johnson, Moderna, Oxford/AstraZeneca, Pfizer/BioNTech"
2021-07-26,11781021.0,6921174.0,5699191.0,Portugal,https://github.com/dssg-pt/covid19pt-data,1.0,"Johnson&Johnson, Moderna, Oxford/AstraZeneca, Pfizer/BioNTech"
2021-07-27,11867363.0,6946816.0,5759891.0,Portugal,https://github.com/dssg-pt/covid19pt-data,1.0,"Johnson&Johnson, Moderna, Oxford/AstraZeneca, Pfizer/BioNTech"
2021-07-28,11952984.0,6974732.0,5817596.0,Portugal,https://github.com/dssg-pt/covid19pt-data,1.0,"Johnson&Johnson, Moderna, Oxford/AstraZeneca, Pfizer/BioNTech"
2021-07-29,12040296.0,7002806.0,5876834.0,Portugal,https://github.com/dssg-pt/covid19pt-data,1.0,"Johnson&Johnson, Moderna, Oxford/AstraZeneca, Pfizer/BioNTech"
2021-07-30,12128095.0,7032521.0,5934918.0,Portugal,https://github.com/dssg-pt/covid19pt-data,1.0,"Johnson&Johnson, Moderna, Oxford/AstraZeneca, Pfizer/BioNTech"
2021-07-31,12221518.0,7066297.0,5994565.0,Portugal,https://github.com/dssg-pt/covid19pt-data,1.0,"Johnson&Johnson, Moderna, Oxford/AstraZeneca, Pfizer/BioNTech"
2021-08-01,,,,Portugal,https://github.com/dssg-pt/covid19pt-data,1.0,"Johnson&Johnson, Moderna, Oxford/AstraZeneca, Pfizer/BioNTech"
2021-08-02,12387205.0,7129039.0,6230708.0,Portugal,https://github.com/dssg-pt/covid19pt-data,1.0,"Johnson&Johnson, Moderna, Oxford/AstraZeneca, Pfizer/BioNTech"
2021-08-03,12473461.0,7155328.0,6290675.0,Portugal,https://github.com/dssg-pt/covid19pt-data,1.0,"Johnson&Johnson, Moderna, Oxford/AstraZeneca, Pfizer/BioNTech"
2021-08-04,12558632.0,7183322.0,6347852.0,Portugal,https://github.com/dssg-pt/covid19pt-data,1.0,"Johnson&Johnson, Moderna, Oxford/AstraZeneca, Pfizer/BioNTech"
2021-08-05,12664554.0,7229707.0,6407389.0,Portugal,https://github.com/dssg-pt/covid19pt-data,1.0,"Johnson&Johnson, Moderna, Oxford/AstraZeneca, Pfizer/BioNTech"
2021-08-06,12767042.0,7267185.0,6472399.0,Portugal,https://github.com/dssg-pt/covid19pt-data,1.0,"Johnson&Johnson, Moderna, Oxford/AstraZeneca, Pfizer/BioNTech"
2021-08-07,12867924.0,7307377.0,6533089.0,Portugal,https://github.com/dssg-pt/covid19pt-data,1.0,"Johnson&Johnson, Moderna, Oxford/AstraZeneca, Pfizer/BioNTech"
2021-08-08,12955410.0,7342466.0,6585486.0,Portugal,https://github.com/dssg-pt/covid19pt-data,1.0,"Johnson&Johnson, Moderna, Oxford/AstraZeneca, Pfizer/BioNTech"
2021-08-09,13026338.0,7376532.0,6773123.0,Portugal,https://github.com/dssg-pt/covid19pt-data,1.0,"Johnson&Johnson, Moderna, Oxford/AstraZeneca, Pfizer/BioNTech"
2021-08-10,13112728.0,7426597.0,6809448.0,Portugal,https://github.com/dssg-pt/covid19pt-data,1.0,"Johnson&Johnson, Moderna, Oxford/AstraZeneca, Pfizer/BioNTech"
2021-08-11,13213532.0,7489628.0,6847221.0,Portugal,https://github.com/dssg-pt/covid19pt-data,1.0,"Johnson&Johnson, Moderna, Oxford/AstraZeneca, Pfizer/BioNTech"
2021-08-12,13306144.0,7550731.0,6878730.0,Portugal,https://github.com/dssg-pt/covid19pt-data,1.0,"Johnson&Johnson, Moderna, Oxford/AstraZeneca, Pfizer/BioNTech"
2021-08-13,13397347.0,7596806.0,6923858.0,Portugal,https://github.com/dssg-pt/covid19pt-data,1.0,"Johnson&Johnson, Moderna, Oxford/AstraZeneca, Pfizer/BioNTech"
2021-08-14,13515715.0,7675238.0,6963794.0,Portugal,https://github.com/dssg-pt/covid19pt-data,1.0,"Johnson&Johnson, Moderna, Oxford/AstraZeneca, Pfizer/BioNTech"
2021-08-15,13619434.0,7774219.0,6968532.0,Portugal,https://github.com/dssg-pt/covid19pt-data,1.0,"Johnson&Johnson, Moderna, Oxford/AstraZeneca, Pfizer/BioNTech"
2021-08-16,13694919.0,7834186.0,7177521.0,Portugal,https://github.com/dssg-pt/covid19pt-data,1.0,"Johnson&Johnson, Moderna, Oxford/AstraZeneca, Pfizer/BioNTech"
2021-08-17,13793467.0,7901328.0,7208927.0,Portugal,https://github.com/dssg-pt/covid19pt-data,1.0,"Johnson&Johnson, Moderna, Oxford/AstraZeneca, Pfizer/BioNTech"
2021-08-18,13874284.0,7956436.0,7234636.0,Portugal,https://github.com/dssg-pt/covid19pt-data,1.0,"Johnson&Johnson, Moderna, Oxford/AstraZeneca, Pfizer/BioNTech"
2021-08-19,13953892.0,8017302.0,7253378.0,Portugal,https://github.com/dssg-pt/covid19pt-data,1.0,"Johnson&Johnson, Moderna, Oxford/AstraZeneca, Pfizer/BioNTech"
2021-08-20,14028487.0,8076555.0,7268720.0,Portugal,https://github.com/dssg-pt/covid19pt-data,1.0,"Johnson&Johnson, Moderna, Oxford/AstraZeneca, Pfizer/BioNTech"
2021-08-21,14108501.0,8132189.0,7293100.0,Portugal,https://github.com/dssg-pt/covid19pt-data,1.0,"Johnson&Johnson, Moderna, Oxford/AstraZeneca, Pfizer/BioNTech"
2021-08-22,14237035.0,8258378.0,7295445.0,Portugal,https://github.com/dssg-pt/covid19pt-data,1.0,"Johnson&Johnson, Moderna, Oxford/AstraZeneca, Pfizer/BioNTech"
2021-08-23,14297281.0,8306384.0,7463765.0,Portugal,https://github.com/dssg-pt/covid19pt-data,1.0,"Johnson&Johnson, Moderna, Oxford/AstraZeneca, Pfizer/BioNTech"
2021-08-24,14366777.0,8361288.0,7478357.0,Portugal,https://github.com/dssg-pt/covid19pt-data,1.0,"Johnson&Johnson, Moderna, Oxford/AstraZeneca, Pfizer/BioNTech"
2021-08-25,14427342.0,8408420.0,7491790.0,Portugal,https://github.com/dssg-pt/covid19pt-data,1.0,"Johnson&Johnson, Moderna, Oxford/AstraZeneca, Pfizer/BioNTech"
2021-08-26,14491484.0,8457112.0,7507240.0,Portugal,https://github.com/dssg-pt/covid19pt-data,1.0,"Johnson&Johnson, Moderna, Oxford/AstraZeneca, Pfizer/BioNTech"
2021-08-27,14546798.0,8497842.0,7521824.0,Portugal,https://github.com/dssg-pt/covid19pt-data,1.0,"Johnson&Johnson, Moderna, Oxford/AstraZeneca, Pfizer/BioNTech"
2021-08-28,14606798.0,8535112.0,7544554.0,Portugal,https://github.com/dssg-pt/covid19pt-data,1.0,"Johnson&Johnson, Moderna, Oxford/AstraZeneca, Pfizer/BioNTech"
2021-08-29,14685643.0,8610175.0,7548336.0,Portugal,https://github.com/dssg-pt/covid19pt-data,1.0,"Johnson&Johnson, Moderna, Oxford/AstraZeneca, Pfizer/BioNTech"
2021-08-30,14731463.0,8642195.0,7642825.0,Portugal,https://github.com/dssg-pt/covid19pt-data,1.0,"Johnson&Johnson, Moderna, Oxford/AstraZeneca, Pfizer/BioNTech"
2021-08-31,14786296.0,8673190.0,7666663.0,Portugal,https://github.com/dssg-pt/covid19pt-data,,"Johnson&Johnson, Moderna, Oxford/AstraZeneca, Pfizer/BioNTech"
2021-09-01,14837067.0,8696989.0,7693635.0,Portugal,https://github.com/dssg-pt/covid19pt-data,,"Johnson&Johnson, Moderna, Oxford/AstraZeneca, Pfizer/BioNTech"
2021-09-02,14891181.0,8717008.0,7727730.0,Portugal,https://github.com/dssg-pt/covid19pt-data,,"Johnson&Johnson, Moderna, Oxford/AstraZeneca, Pfizer/BioNTech"
2021-09-03,14940731.0,8740934.0,7753354.0,Portugal,https://github.com/dssg-pt/covid19pt-data,,"Johnson&Johnson, Moderna, Oxford/AstraZeneca, Pfizer/BioNTech"
2021-09-05,15104169.0,8776856.0,7880870.0,Portugal,https://github.com/dssg-pt/covid19pt-data,,"Johnson&Johnson, Moderna, Oxford/AstraZeneca, Pfizer/BioNTech"
2021-09-06,15163132.0,8788896.0,7974325.0,Portugal,https://github.com/dssg-pt/covid19pt-data,11.0,"Johnson&Johnson, Moderna, Oxford/AstraZeneca, Pfizer/BioNTech"
2021-09-07,15209952.0,8800949.0,8009092.0,Portugal,https://github.com/dssg-pt/covid19pt-data,,"Johnson&Johnson, Moderna, Oxford/AstraZeneca, Pfizer/BioNTech"
2021-09-08,15251560.0,8812098.0,8039551.0,Portugal,https://github.com/dssg-pt/covid19pt-data,,"Johnson&Johnson, Moderna, Oxford/AstraZeneca, Pfizer/BioNTech"
2021-09-09,15292386.0,8822003.0,8070472.0,Portugal,https://github.com/dssg-pt/covid19pt-data,,"Johnson&Johnson, Moderna, Oxford/AstraZeneca, Pfizer/BioNTech"
2021-09-10,15333967.0,8833779.0,8100277.0,Portugal,https://github.com/dssg-pt/covid19pt-data,,"Johnson&Johnson, Moderna, Oxford/AstraZeneca, Pfizer/BioNTech"
2021-09-11,15374831.0,8844781.0,8130139.0,Portugal,https://github.com/dssg-pt/covid19pt-data,,"Johnson&Johnson, Moderna, Oxford/AstraZeneca, Pfizer/BioNTech"
2021-09-12,15500513.0,8854604.0,8245998.0,Portugal,https://github.com/dssg-pt/covid19pt-data,,"Johnson&Johnson, Moderna, Oxford/AstraZeneca, Pfizer/BioNTech"
2021-09-13,15541726.0,8859979.0,8298891.0,Portugal,https://github.com/dssg-pt/covid19pt-data,94.0,"Johnson&Johnson, Moderna, Oxford/AstraZeneca, Pfizer/BioNTech"
2021-09-14,15597167.0,8869820.0,8344491.0,Portugal,https://github.com/dssg-pt/covid19pt-data,,"Johnson&Johnson, Moderna, Oxford/AstraZeneca, Pfizer/BioNTech"
2021-09-20,15809057.0,8889941.0,8546688.0,Portugal,https://github.com/dssg-pt/covid19pt-data,331.0,"Johnson&Johnson, Moderna, Oxford/AstraZeneca, Pfizer/BioNTech"
2021-09-21,15879894.0,8918541.0,8578497.0,Portugal,https://github.com/dssg-pt/covid19pt-data,,"Johnson&Johnson, Moderna, Oxford/AstraZeneca, Pfizer/BioNTech"
2021-09-22,15905041.0,8924775.0,8597410.0,Portugal,https://github.com/dssg-pt/covid19pt-data,,"Johnson&Johnson, Moderna, Oxford/AstraZeneca, Pfizer/BioNTech"
2021-09-26,15949645.0,8928921.0,8658945.0,Portugal,https://github.com/dssg-pt/covid19pt-data,,"Johnson&Johnson, Moderna, Oxford/AstraZeneca, Pfizer/BioNTech"
2021-09-27,15985379.0,8946296.0,8677498.0,Portugal,https://github.com/dssg-pt/covid19pt-data,847.0,"Johnson&Johnson, Moderna, Oxford/AstraZeneca, Pfizer/BioNTech"
2021-10-04,16066849.0,8970579.0,8743133.0,Portugal,https://github.com/dssg-pt/covid19pt-data,1606.0,"Johnson&Johnson, Moderna, Oxford/AstraZeneca, Pfizer/BioNTech"
2021-10-11,16124996.0,8986023.0,8790851.0,Portugal,https://github.com/dssg-pt/covid19pt-data,2288.0,"Johnson&Johnson, Moderna, Oxford/AstraZeneca, Pfizer/BioNTech"
2021-10-18,16179680.0,9003852.0,8832113.0,Portugal,https://github.com/dssg-pt/covid19pt-data,31351.0,"Johnson&Johnson, Moderna, Oxford/AstraZeneca, Pfizer/BioNTech"
2021-10-25,16222829.0,9017464.0,8865394.0,Portugal,https://github.com/dssg-pt/covid19pt-data,147922.0,"Johnson&Johnson, Moderna, Oxford/AstraZeneca, Pfizer/BioNTech"
2021-11-01,16254419.0,9030756.0,8887758.0,Portugal,https://github.com/dssg-pt/covid19pt-data,264460.0,"Johnson&Johnson, Moderna, Oxford/AstraZeneca, Pfizer/BioNTech"
2021-11-08,16278145.0,9040731.0,8904618.0,Portugal,https://github.com/dssg-pt/covid19pt-data,374060.0,"Johnson&Johnson, Moderna, Oxford/AstraZeneca, Pfizer/BioNTech"
2021-11-11,16666145.0,,,Portugal,https://github.com/dssg-pt/covid19pt-data,,"Johnson&Johnson, Moderna, Oxford/AstraZeneca, Pfizer/BioNTech"
2021-11-12,16728145.0,,,Portugal,https://github.com/dssg-pt/covid19pt-data,,"Johnson&Johnson, Moderna, Oxford/AstraZeneca, Pfizer/BioNTech"
2021-11-14,16803145.0,,,Portugal,https://github.com/dssg-pt/covid19pt-data,,"Johnson&Johnson, Moderna, Oxford/AstraZeneca, Pfizer/BioNTech"
2021-11-15,16826935.0,9053901.0,8925907.0,Portugal,https://github.com/dssg-pt/covid19pt-data,548790.0,"Johnson&Johnson, Moderna, Oxford/AstraZeneca, Pfizer/BioNTech"
2021-11-16,16826935.0,,,Portugal,https://github.com/dssg-pt/covid19pt-data,,"Johnson&Johnson, Moderna, Oxford/AstraZeneca, Pfizer/BioNTech"
2021-11-21,17028145.0,,,Portugal,https://github.com/dssg-pt/covid19pt-data,,"Johnson&Johnson, Moderna, Oxford/AstraZeneca, Pfizer/BioNTech"
2021-11-22,17077146.0,9103116.0,,Portugal,https://github.com/dssg-pt/covid19pt-data,799001.0,"Johnson&Johnson, Moderna, Oxford/AstraZeneca, Pfizer/BioNTech"
2021-11-23,17078145.0,,,Portugal,https://github.com/dssg-pt/covid19pt-data,,"Johnson&Johnson, Moderna, Oxford/AstraZeneca, Pfizer/BioNTech"
2021-11-25,17178145.0,,,Portugal,https://github.com/dssg-pt/covid19pt-data,,"Johnson&Johnson, Moderna, Oxford/AstraZeneca, Pfizer/BioNTech"
2021-11-26,17278145.0,,,Portugal,https://github.com/dssg-pt/covid19pt-data,,"Johnson&Johnson, Moderna, Oxford/AstraZeneca, Pfizer/BioNTech"
2021-11-27,17378145.0,,,Portugal,https://github.com/dssg-pt/covid19pt-data,,"Johnson&Johnson, Moderna, Oxford/AstraZeneca, Pfizer/BioNTech"
2021-11-29,17507741.0,9124087.0,8982887.0,Portugal,https://github.com/dssg-pt/covid19pt-data,1229596.0,"Johnson&Johnson, Moderna, Oxford/AstraZeneca, Pfizer/BioNTech"
2021-11-30,17569989.0,,8985999.0,Portugal,https://github.com/dssg-pt/covid19pt-data,1288732.0,"Johnson&Johnson, Moderna, Oxford/AstraZeneca, Pfizer/BioNTech"
2021-12-01,17635174.0,,8989676.0,Portugal,https://github.com/dssg-pt/covid19pt-data,1350240.0,"Johnson&Johnson, Moderna, Oxford/AstraZeneca, Pfizer/BioNTech"
2021-12-02,17701794.0,,8992891.0,Portugal,https://github.com/dssg-pt/covid19pt-data,1413645.0,"Johnson&Johnson, Moderna, Oxford/AstraZeneca, Pfizer/BioNTech"
2021-12-03,17771936.0,,8997338.0,Portugal,https://github.com/dssg-pt/covid19pt-data,1479340.0,"Johnson&Johnson, Moderna, Oxford/AstraZeneca, Pfizer/BioNTech"
2021-12-04,17832019.0,,9001340.0,Portugal,https://github.com/dssg-pt/covid19pt-data,1535421.0,"Johnson&Johnson, Moderna, Oxford/AstraZeneca, Pfizer/BioNTech"
2021-12-05,17898491.0,,9005089.0,Portugal,https://github.com/dssg-pt/covid19pt-data,1598144.0,"Johnson&Johnson, Moderna, Oxford/AstraZeneca, Pfizer/BioNTech"
2021-12-06,17987272.0,9151935.0,9007300.0,Portugal,https://github.com/dssg-pt/covid19pt-data,1684714.0,"Johnson&Johnson, Moderna, Oxford/AstraZeneca, Pfizer/BioNTech"
2021-12-07,18049775.0,,9011368.0,Portugal,https://github.com/dssg-pt/covid19pt-data,1743149.0,"Johnson&Johnson, Moderna, Oxford/AstraZeneca, Pfizer/BioNTech"
2021-12-08,18115581.0,,9015300.0,Portugal,https://github.com/dssg-pt/covid19pt-data,1805023.0,"Johnson&Johnson, Moderna, Oxford/AstraZeneca, Pfizer/BioNTech"
2021-12-09,18188120.0,,9018317.0,Portugal,https://github.com/dssg-pt/covid19pt-data,1874545.0,"Johnson&Johnson, Moderna, Oxford/AstraZeneca, Pfizer/BioNTech"
2021-12-10,18256728.0,,9022419.0,Portugal,https://github.com/dssg-pt/covid19pt-data,1939051.0,"Johnson&Johnson, Moderna, Oxford/AstraZeneca, Pfizer/BioNTech"
2021-12-11,18321770.0,,9026273.0,Portugal,https://github.com/dssg-pt/covid19pt-data,2000239.0,"Johnson&Johnson, Moderna, Oxford/AstraZeneca, Pfizer/BioNTech"
2021-12-12,18390096.0,,9030199.0,Portugal,https://github.com/dssg-pt/covid19pt-data,2064639.0,"Johnson&Johnson, Moderna, Oxford/AstraZeneca, Pfizer/BioNTech"
2021-12-13,18479369.0,9176099.0,9032694.0,Portugal,https://github.com/dssg-pt/covid19pt-data,2151417.0,"Johnson&Johnson, Moderna, Oxford/AstraZeneca, Pfizer/BioNTech"
2021-12-14,18535456.0,,9036437.0,Portugal,https://github.com/dssg-pt/covid19pt-data,2203761.0,"Johnson&Johnson, Moderna, Oxford/AstraZeneca, Pfizer/BioNTech"
2021-12-15,18590810.0,,9040017.0,Portugal,https://github.com/dssg-pt/covid19pt-data,2255535.0,"Johnson&Johnson, Moderna, Oxford/AstraZeneca, Pfizer/BioNTech"
2021-12-16,18639582.0,,9043794.0,Portugal,https://github.com/dssg-pt/covid19pt-data,2300530.0,"Johnson&Johnson, Moderna, Oxford/AstraZeneca, Pfizer/BioNTech"
2021-12-17,18694269.0,,9047148.0,Portugal,https://github.com/dssg-pt/covid19pt-data,2351863.0,"Johnson&Johnson, Moderna, Oxford/AstraZeneca, Pfizer/BioNTech"
2021-12-18,18768645.0,,9051248.0,Portugal,https://github.com/dssg-pt/covid19pt-data,2422139.0,"Johnson&Johnson, Moderna, Oxford/AstraZeneca, Pfizer/BioNTech"
2021-12-19,18774253.0,,9055059.0,Portugal,https://github.com/dssg-pt/covid19pt-data,2423936.0,"Johnson&Johnson, Moderna, Oxford/AstraZeneca, Pfizer/BioNTech"
2021-12-20,18795477.0,9285049.0,9059512.0,Portugal,https://github.com/dssg-pt/covid19pt-data,2440707.0,"Johnson&Johnson, Moderna, Oxford/AstraZeneca, Pfizer/BioNTech"
2021-12-21,18869443.0,,9065414.0,Portugal,https://github.com/dssg-pt/covid19pt-data,2508771.0,"Johnson&Johnson, Moderna, Oxford/AstraZeneca, Pfizer/BioNTech"
2021-12-22,18951208.0,,9070723.0,Portugal,https://github.com/dssg-pt/covid19pt-data,2585227.0,"Johnson&Johnson, Moderna, Oxford/AstraZeneca, Pfizer/BioNTech"
2021-12-23,19029723.0,,9076420.0,Portugal,https://github.com/dssg-pt/covid19pt-data,2658045.0,"Johnson&Johnson, Moderna, Oxford/AstraZeneca, Pfizer/BioNTech"
2021-12-24,19060124.0,,9080467.0,Portugal,https://github.com/dssg-pt/covid19pt-data,2684399.0,"Johnson&Johnson, Moderna, Oxford/AstraZeneca, Pfizer/BioNTech"
2021-12-25,19060124.0,,9080467.0,Portugal,https://github.com/dssg-pt/covid19pt-data,2684399.0,"Johnson&Johnson, Moderna, Oxford/AstraZeneca, Pfizer/BioNTech"
2021-12-26,19060124.0,,9080467.0,Portugal,https://github.com/dssg-pt/covid19pt-data,2684399.0,"Johnson&Johnson, Moderna, Oxford/AstraZeneca, Pfizer/BioNTech"
2021-12-27,19067130.0,9297944.0,9080467.0,Portugal,https://github.com/dssg-pt/covid19pt-data,2691405.0,"Johnson&Johnson, Moderna, Oxford/AstraZeneca, Pfizer/BioNTech"
2021-12-28,19149249.0,,9088140.0,Portugal,https://github.com/dssg-pt/covid19pt-data,2765851.0,"Johnson&Johnson, Moderna, Oxford/AstraZeneca, Pfizer/BioNTech"
2021-12-29,19241140.0,,9093923.0,Portugal,https://github.com/dssg-pt/covid19pt-data,2851959.0,"Johnson&Johnson, Moderna, Oxford/AstraZeneca, Pfizer/BioNTech"
2021-12-30,19335407.0,,9099200.0,Portugal,https://github.com/dssg-pt/covid19pt-data,2940949.0,"Johnson&Johnson, Moderna, Oxford/AstraZeneca, Pfizer/BioNTech"
2021-12-31,19391375.0,,9103550.0,Portugal,https://github.com/dssg-pt/covid19pt-data,2992567.0,"Johnson&Johnson, Moderna, Oxford/AstraZeneca, Pfizer/BioNTech"
2022-01-01,19391375.0,,9103550.0,Portugal,https://github.com/dssg-pt/covid19pt-data,2992567.0,"Johnson&Johnson, Moderna, Oxford/AstraZeneca, Pfizer/BioNTech"
2022-01-02,19391375.0,,9103550.0,Portugal,https://github.com/dssg-pt/covid19pt-data,2992567.0,"Johnson&Johnson, Moderna, Oxford/AstraZeneca, Pfizer/BioNTech"
2022-01-03,19483802.0,9310901.0,9106227.0,Portugal,https://github.com/dssg-pt/covid19pt-data,3082317.0,"Johnson&Johnson, Moderna, Oxford/AstraZeneca, Pfizer/BioNTech"
2022-01-04,19568144.0,,9111594.0,Portugal,https://github.com/dssg-pt/covid19pt-data,3161292.0,"Johnson&Johnson, Moderna, Oxford/AstraZeneca, Pfizer/BioNTech"
2022-01-05,19651272.0,,9115972.0,Portugal,https://github.com/dssg-pt/covid19pt-data,3240042.0,"Johnson&Johnson, Moderna, Oxford/AstraZeneca, Pfizer/BioNTech"
2022-01-06,19743185.0,,9120500.0,Portugal,https://github.com/dssg-pt/covid19pt-data,3327427.0,"Johnson&Johnson, Moderna, Oxford/AstraZeneca, Pfizer/BioNTech"
2022-01-07,19784307.0,,9125634.0,Portugal,https://github.com/dssg-pt/covid19pt-data,3363415.0,"Johnson&Johnson, Moderna, Oxford/AstraZeneca, Pfizer/BioNTech"
2022-01-08,19833207.0,,9131139.0,Portugal,https://github.com/dssg-pt/covid19pt-data,3406810.0,"Johnson&Johnson, Moderna, Oxford/AstraZeneca, Pfizer/BioNTech"
2022-01-09,19872508.0,,9136958.0,Portugal,https://github.com/dssg-pt/covid19pt-data,3440292.0,"Johnson&Johnson, Moderna, Oxford/AstraZeneca, Pfizer/BioNTech"
2022-01-10,19908637.0,9526676.0,9141496.0,Portugal,https://github.com/dssg-pt/covid19pt-data,3471883.0,"Johnson&Johnson, Moderna, Oxford/AstraZeneca, Pfizer/BioNTech"
2022-01-11,19987171.0,9526676.0,9147330.0,Portugal,https://github.com/dssg-pt/covid19pt-data,3544583.0,"Johnson&Johnson, Moderna, Oxford/AstraZeneca, Pfizer/BioNTech"
2022-01-12,20076102.0,9526676.0,9152373.0,Portugal,https://github.com/dssg-pt/covid19pt-data,3628471.0,"Johnson&Johnson, Moderna, Oxford/AstraZeneca, Pfizer/BioNTech"
2022-01-13,20164105.0,9526676.0,9156961.0,Portugal,https://github.com/dssg-pt/covid19pt-data,3711886.0,"Johnson&Johnson, Moderna, Oxford/AstraZeneca, Pfizer/BioNTech"
